<annotation verified="yes">
    <folder>Annotation</folder>
    <filename>mouse_2_32.jpg</filename>
    <path>Mouse_2-PascalVOC-export/Annotations/mouse_2_32.jpg</path>
    <source>
        <database>Unknown</database>
    </source>
    <size>
        <width>224</width>
        <height>224</height>
        <depth>3</depth>
    </size>
    <segmented>0</segmented>
    <object>
    <name>mouse</name>
    <pose>Unspecified</pose>
    <truncated>0</truncated>
    <difficult>0</difficult>
    <bndbox>
        <xmin>137.53303964757708</xmin>
        <ymin>72.28193832599119</ymin>
        <xmax>203.40088105726872</xmax>
        <ymax>121.86784140969164</ymax>
    </bndbox>
</object>
</annotation>
