<annotation verified="yes">
    <folder>Annotation</folder>
    <filename>mouse_109.jpg</filename>
    <path>MouseBottle-PascalVOC-export/Annotations/mouse_109.jpg</path>
    <source>
        <database>Unknown</database>
    </source>
    <size>
        <width>224</width>
        <height>224</height>
        <depth>3</depth>
    </size>
    <segmented>0</segmented>
    <object>
    <name>mouse</name>
    <pose>Unspecified</pose>
    <truncated>0</truncated>
    <difficult>0</difficult>
    <bndbox>
        <xmin>79.55947136563877</xmin>
        <ymin>104.84581497797357</ymin>
        <xmax>160.72246696035245</xmax>
        <ymax>132.72246696035242</ymax>
    </bndbox>
</object>
</annotation>
