<annotation verified="yes">
    <folder>Annotation</folder>
    <filename>mouse_115.jpg</filename>
    <path>MouseBottle-PascalVOC-export/Annotations/mouse_115.jpg</path>
    <source>
        <database>Unknown</database>
    </source>
    <size>
        <width>224</width>
        <height>224</height>
        <depth>3</depth>
    </size>
    <segmented>0</segmented>
    <object>
    <name>mouse</name>
    <pose>Unspecified</pose>
    <truncated>0</truncated>
    <difficult>0</difficult>
    <bndbox>
        <xmin>119.52422907488987</xmin>
        <ymin>110.27312775330397</ymin>
        <xmax>162.2026431718062</xmax>
        <ymax>145.79735682819384</ymax>
    </bndbox>
</object><object>
    <name>bottle</name>
    <pose>Unspecified</pose>
    <truncated>0</truncated>
    <difficult>0</difficult>
    <bndbox>
        <xmin>39.348017621145374</xmin>
        <ymin>33.05726872246696</ymin>
        <xmax>83.25991189427313</xmax>
        <ymax>138.1497797356828</ymax>
    </bndbox>
</object>
</annotation>
