<annotation verified="yes">
    <folder>Annotation</folder>
    <filename>mouse_100.jpg</filename>
    <path>MouseBottle-PascalVOC-export/Annotations/mouse_100.jpg</path>
    <source>
        <database>Unknown</database>
    </source>
    <size>
        <width>224</width>
        <height>224</height>
        <depth>3</depth>
    </size>
    <segmented>0</segmented>
    <object>
    <name>mouse</name>
    <pose>Unspecified</pose>
    <truncated>0</truncated>
    <difficult>0</difficult>
    <bndbox>
        <xmin>117.05726872246696</xmin>
        <ymin>85.60352422907489</ymin>
        <xmax>170.83700440528634</xmax>
        <ymax>115.20704845814979</ymax>
    </bndbox>
</object>
</annotation>
