<annotation verified="yes">
    <folder>Annotation</folder>
    <filename>mouse_2_34.jpg</filename>
    <path>Mouse_2-PascalVOC-export/Annotations/mouse_2_34.jpg</path>
    <source>
        <database>Unknown</database>
    </source>
    <size>
        <width>224</width>
        <height>224</height>
        <depth>3</depth>
    </size>
    <segmented>0</segmented>
    <object>
    <name>mouse</name>
    <pose>Unspecified</pose>
    <truncated>0</truncated>
    <difficult>0</difficult>
    <bndbox>
        <xmin>69.69162995594714</xmin>
        <ymin>97.69162995594714</ymin>
        <xmax>152.58149779735683</xmax>
        <ymax>139.38325991189427</ymax>
    </bndbox>
</object>
</annotation>
