<annotation verified="yes">
    <folder>Annotation</folder>
    <filename>mouse_2_85.jpg</filename>
    <path>Mouse_2-PascalVOC-export/Annotations/mouse_2_85.jpg</path>
    <source>
        <database>Unknown</database>
    </source>
    <size>
        <width>224</width>
        <height>224</height>
        <depth>3</depth>
    </size>
    <segmented>0</segmented>
    <object>
    <name>mouse</name>
    <pose>Unspecified</pose>
    <truncated>0</truncated>
    <difficult>0</difficult>
    <bndbox>
        <xmin>82.76651982378854</xmin>
        <ymin>89.30396475770925</ymin>
        <xmax>125.93832599118943</xmax>
        <ymax>138.1497797356828</ymax>
    </bndbox>
</object>
</annotation>
