<annotation verified="yes">
    <folder>Annotation</folder>
    <filename>mouse_16.jpg</filename>
    <path>MouseBottle-PascalVOC-export/Annotations/mouse_16.jpg</path>
    <source>
        <database>Unknown</database>
    </source>
    <size>
        <width>224</width>
        <height>224</height>
        <depth>3</depth>
    </size>
    <segmented>0</segmented>
    <object>
    <name>mouse</name>
    <pose>Unspecified</pose>
    <truncated>0</truncated>
    <difficult>0</difficult>
    <bndbox>
        <xmin>61.797356828193834</xmin>
        <ymin>90.04405286343612</ymin>
        <xmax>166.6431718061674</xmax>
        <ymax>154.6784140969163</ymax>
    </bndbox>
</object>
</annotation>
