<annotation verified="yes">
    <folder>Annotation</folder>
    <filename>mouse_35.jpg</filename>
    <path>MouseBottle-PascalVOC-export/Annotations/mouse_35.jpg</path>
    <source>
        <database>Unknown</database>
    </source>
    <size>
        <width>224</width>
        <height>224</height>
        <depth>3</depth>
    </size>
    <segmented>0</segmented>
    <object>
    <name>mouse</name>
    <pose>Unspecified</pose>
    <truncated>0</truncated>
    <difficult>0</difficult>
    <bndbox>
        <xmin>62.5374449339207</xmin>
        <ymin>118.41409691629956</ymin>
        <xmax>101.51541850220264</xmax>
        <ymax>159.6123348017621</ymax>
    </bndbox>
</object><object>
    <name>bottle</name>
    <pose>Unspecified</pose>
    <truncated>0</truncated>
    <difficult>0</difficult>
    <bndbox>
        <xmin>95.84140969162996</xmin>
        <ymin>27.629955947136565</ymin>
        <xmax>155.54185022026434</xmax>
        <ymax>189.4625550660793</ymax>
    </bndbox>
</object>
</annotation>
