<annotation verified="yes">
    <folder>Annotation</folder>
    <filename>mouse_2_102.jpg</filename>
    <path>Mouse_2-PascalVOC-export/Annotations/mouse_2_102.jpg</path>
    <source>
        <database>Unknown</database>
    </source>
    <size>
        <width>224</width>
        <height>224</height>
        <depth>3</depth>
    </size>
    <segmented>0</segmented>
    <object>
    <name>mouse</name>
    <pose>Unspecified</pose>
    <truncated>0</truncated>
    <difficult>0</difficult>
    <bndbox>
        <xmin>84.74008810572687</xmin>
        <ymin>98.18502202643172</ymin>
        <xmax>138.27312775330395</xmax>
        <ymax>185.51541850220264</ymax>
    </bndbox>
</object>
</annotation>
