<annotation verified="yes">
    <folder>Annotation</folder>
    <filename>mouse_10.jpg</filename>
    <path>MouseBottle-PascalVOC-export/Annotations/mouse_10.jpg</path>
    <source>
        <database>Unknown</database>
    </source>
    <size>
        <width>224</width>
        <height>224</height>
        <depth>3</depth>
    </size>
    <segmented>0</segmented>
    <object>
    <name>mouse</name>
    <pose>Unspecified</pose>
    <truncated>0</truncated>
    <difficult>0</difficult>
    <bndbox>
        <xmin>54.88986784140969</xmin>
        <ymin>83.87665198237886</ymin>
        <xmax>129.14537444933922</xmax>
        <ymax>189.7092511013216</ymax>
    </bndbox>
</object>
</annotation>
