<annotation verified="yes">
    <folder>Annotation</folder>
    <filename>mouse_2_66.jpg</filename>
    <path>Mouse_2-PascalVOC-export/Annotations/mouse_2_66.jpg</path>
    <source>
        <database>Unknown</database>
    </source>
    <size>
        <width>224</width>
        <height>224</height>
        <depth>3</depth>
    </size>
    <segmented>0</segmented>
    <object>
    <name>mouse</name>
    <pose>Unspecified</pose>
    <truncated>0</truncated>
    <difficult>0</difficult>
    <bndbox>
        <xmin>86.96035242290749</xmin>
        <ymin>90.04405286343612</ymin>
        <xmax>162.2026431718062</xmax>
        <ymax>156.15859030837004</ymax>
    </bndbox>
</object>
</annotation>
