<annotation verified="yes">
    <folder>Annotation</folder>
    <filename>mouse_2_52.jpg</filename>
    <path>Mouse_2-PascalVOC-export/Annotations/mouse_2_52.jpg</path>
    <source>
        <database>Unknown</database>
    </source>
    <size>
        <width>224</width>
        <height>224</height>
        <depth>3</depth>
    </size>
    <segmented>0</segmented>
    <object>
    <name>mouse</name>
    <pose>Unspecified</pose>
    <truncated>0</truncated>
    <difficult>0</difficult>
    <bndbox>
        <xmin>7.524229074889868</xmin>
        <ymin>77.21585903083701</ymin>
        <xmax>70.9251101321586</xmax>
        <ymax>105.83259911894274</ymax>
    </bndbox>
</object>
</annotation>
