<annotation verified="yes">
    <folder>Annotation</folder>
    <filename>mouse_64.jpg</filename>
    <path>MouseBottle-PascalVOC-export/Annotations/mouse_64.jpg</path>
    <source>
        <database>Unknown</database>
    </source>
    <size>
        <width>224</width>
        <height>224</height>
        <depth>3</depth>
    </size>
    <segmented>0</segmented>
    <object>
    <name>mouse</name>
    <pose>Unspecified</pose>
    <truncated>0</truncated>
    <difficult>0</difficult>
    <bndbox>
        <xmin>110.6431718061674</xmin>
        <ymin>76.96916299559471</ymin>
        <xmax>173.30396475770925</xmax>
        <ymax>113.97356828193833</ymax>
    </bndbox>
</object>
</annotation>
