<annotation verified="yes">
    <folder>Annotation</folder>
    <filename>mouse_2_107.jpg</filename>
    <path>Mouse_2-PascalVOC-export/Annotations/mouse_2_107.jpg</path>
    <source>
        <database>Unknown</database>
    </source>
    <size>
        <width>224</width>
        <height>224</height>
        <depth>3</depth>
    </size>
    <segmented>0</segmented>
    <object>
    <name>mouse</name>
    <pose>Unspecified</pose>
    <truncated>0</truncated>
    <difficult>0</difficult>
    <bndbox>
        <xmin>112.37004405286343</xmin>
        <ymin>110.02643171806167</ymin>
        <xmax>152.58149779735683</xmax>
        <ymax>132.22907488986783</ymax>
    </bndbox>
</object>
</annotation>
