<annotation verified="yes">
    <folder>Annotation</folder>
    <filename>mouse_66.jpg</filename>
    <path>MouseBottle-PascalVOC-export/Annotations/mouse_66.jpg</path>
    <source>
        <database>Unknown</database>
    </source>
    <size>
        <width>224</width>
        <height>224</height>
        <depth>3</depth>
    </size>
    <segmented>0</segmented>
    <object>
    <name>mouse</name>
    <pose>Unspecified</pose>
    <truncated>0</truncated>
    <difficult>0</difficult>
    <bndbox>
        <xmin>108.66960352422907</xmin>
        <ymin>107.31277533039648</ymin>
        <xmax>152.58149779735683</xmax>
        <ymax>160.1057268722467</ymax>
    </bndbox>
</object>
</annotation>
