<annotation verified="yes">
    <folder>Annotation</folder>
    <filename>mouse_2_45.jpg</filename>
    <path>Mouse_2-PascalVOC-export/Annotations/mouse_2_45.jpg</path>
    <source>
        <database>Unknown</database>
    </source>
    <size>
        <width>224</width>
        <height>224</height>
        <depth>3</depth>
    </size>
    <segmented>0</segmented>
    <object>
    <name>mouse</name>
    <pose>Unspecified</pose>
    <truncated>0</truncated>
    <difficult>0</difficult>
    <bndbox>
        <xmin>117.30396475770925</xmin>
        <ymin>63.8942731277533</ymin>
        <xmax>170.09691629955947</xmax>
        <ymax>107.80616740088107</ymax>
    </bndbox>
</object>
</annotation>
