<annotation verified="yes">
    <folder>Annotation</folder>
    <filename>mouse_119.jpg</filename>
    <path>MouseBottle-PascalVOC-export/Annotations/mouse_119.jpg</path>
    <source>
        <database>Unknown</database>
    </source>
    <size>
        <width>224</width>
        <height>224</height>
        <depth>3</depth>
    </size>
    <segmented>0</segmented>
    <object>
    <name>mouse</name>
    <pose>Unspecified</pose>
    <truncated>0</truncated>
    <difficult>0</difficult>
    <bndbox>
        <xmin>60.81057268722467</xmin>
        <ymin>133.215859030837</ymin>
        <xmax>120.26431718061674</xmax>
        <ymax>168.74008810572687</ymax>
    </bndbox>
</object><object>
    <name>bottle</name>
    <pose>Unspecified</pose>
    <truncated>0</truncated>
    <difficult>0</difficult>
    <bndbox>
        <xmin>63.77092511013216</xmin>
        <ymin>48.1057268722467</ymin>
        <xmax>93.86784140969164</xmax>
        <ymax>135.9295154185022</ymax>
    </bndbox>
</object>
</annotation>
