<annotation verified="yes">
    <folder>Annotation</folder>
    <filename>mouse_2_115.jpg</filename>
    <path>Mouse_2-PascalVOC-export/Annotations/mouse_2_115.jpg</path>
    <source>
        <database>Unknown</database>
    </source>
    <size>
        <width>224</width>
        <height>224</height>
        <depth>3</depth>
    </size>
    <segmented>0</segmented>
    <object>
    <name>mouse</name>
    <pose>Unspecified</pose>
    <truncated>0</truncated>
    <difficult>0</difficult>
    <bndbox>
        <xmin>61.05726872246696</xmin>
        <ymin>67.59471365638767</ymin>
        <xmax>147.8942731277533</xmax>
        <ymax>141.60352422907488</ymax>
    </bndbox>
</object>
</annotation>
