<annotation verified="yes">
    <folder>Annotation</folder>
    <filename>mouse_46.jpg</filename>
    <path>MouseBottle-PascalVOC-export/Annotations/mouse_46.jpg</path>
    <source>
        <database>Unknown</database>
    </source>
    <size>
        <width>224</width>
        <height>224</height>
        <depth>3</depth>
    </size>
    <segmented>0</segmented>
    <object>
    <name>mouse</name>
    <pose>Unspecified</pose>
    <truncated>0</truncated>
    <difficult>0</difficult>
    <bndbox>
        <xmin>76.59911894273128</xmin>
        <ymin>139.136563876652</ymin>
        <xmax>133.33920704845815</xmax>
        <ymax>217.58590308370043</ymax>
    </bndbox>
</object>
</annotation>
