<annotation verified="yes">
    <folder>Annotation</folder>
    <filename>mouse_89.jpg</filename>
    <path>MouseBottle-PascalVOC-export/Annotations/mouse_89.jpg</path>
    <source>
        <database>Unknown</database>
    </source>
    <size>
        <width>224</width>
        <height>224</height>
        <depth>3</depth>
    </size>
    <segmented>0</segmented>
    <object>
    <name>mouse</name>
    <pose>Unspecified</pose>
    <truncated>0</truncated>
    <difficult>0</difficult>
    <bndbox>
        <xmin>79.55947136563877</xmin>
        <ymin>75.48898678414098</ymin>
        <xmax>146.1674008810573</xmax>
        <ymax>147.5242290748899</ymax>
    </bndbox>
</object>
</annotation>
