<annotation verified="yes">
    <folder>Annotation</folder>
    <filename>mouse_2_77.jpg</filename>
    <path>Mouse_2-PascalVOC-export/Annotations/mouse_2_77.jpg</path>
    <source>
        <database>Unknown</database>
    </source>
    <size>
        <width>224</width>
        <height>224</height>
        <depth>3</depth>
    </size>
    <segmented>0</segmented>
    <object>
    <name>mouse</name>
    <pose>Unspecified</pose>
    <truncated>0</truncated>
    <difficult>0</difficult>
    <bndbox>
        <xmin>46.7488986784141</xmin>
        <ymin>65.12775330396475</ymin>
        <xmax>151.34801762114537</xmax>
        <ymax>145.55066079295153</ymax>
    </bndbox>
</object>
</annotation>
