<annotation verified="yes">
    <folder>Annotation</folder>
    <filename>mouse_2_44.jpg</filename>
    <path>Mouse_2-PascalVOC-export/Annotations/mouse_2_44.jpg</path>
    <source>
        <database>Unknown</database>
    </source>
    <size>
        <width>224</width>
        <height>224</height>
        <depth>3</depth>
    </size>
    <segmented>0</segmented>
    <object>
    <name>mouse</name>
    <pose>Unspecified</pose>
    <truncated>0</truncated>
    <difficult>0</difficult>
    <bndbox>
        <xmin>70.18502202643172</xmin>
        <ymin>78.69603524229075</ymin>
        <xmax>138.51982378854626</xmax>
        <ymax>124.08810572687224</ymax>
    </bndbox>
</object>
</annotation>
