<annotation verified="yes">
    <folder>Annotation</folder>
    <filename>mouse_92.jpg</filename>
    <path>MouseBottle-PascalVOC-export/Annotations/mouse_92.jpg</path>
    <source>
        <database>Unknown</database>
    </source>
    <size>
        <width>224</width>
        <height>224</height>
        <depth>3</depth>
    </size>
    <segmented>0</segmented>
    <object>
    <name>mouse</name>
    <pose>Unspecified</pose>
    <truncated>0</truncated>
    <difficult>0</difficult>
    <bndbox>
        <xmin>51.929515418502206</xmin>
        <ymin>81.16299559471366</ymin>
        <xmax>153.07488986784142</xmax>
        <ymax>137.90308370044053</ymax>
    </bndbox>
</object>
</annotation>
