<annotation verified="yes">
    <folder>Annotation</folder>
    <filename>mouse_83.jpg</filename>
    <path>MouseBottle-PascalVOC-export/Annotations/mouse_83.jpg</path>
    <source>
        <database>Unknown</database>
    </source>
    <size>
        <width>224</width>
        <height>224</height>
        <depth>3</depth>
    </size>
    <segmented>0</segmented>
    <object>
    <name>mouse</name>
    <pose>Unspecified</pose>
    <truncated>0</truncated>
    <difficult>0</difficult>
    <bndbox>
        <xmin>100.28193832599119</xmin>
        <ymin>98.9251101321586</ymin>
        <xmax>171.57709251101323</xmax>
        <ymax>139.136563876652</ymax>
    </bndbox>
</object>
</annotation>
