<annotation verified="yes">
    <folder>Annotation</folder>
    <filename>mouse_0.jpg</filename>
    <path>MouseBottle-PascalVOC-export/Annotations/mouse_0.jpg</path>
    <source>
        <database>Unknown</database>
    </source>
    <size>
        <width>224</width>
        <height>224</height>
        <depth>3</depth>
    </size>
    <segmented>0</segmented>
    <object>
    <name>mouse</name>
    <pose>Unspecified</pose>
    <truncated>0</truncated>
    <difficult>0</difficult>
    <bndbox>
        <xmin>83.01321585903084</xmin>
        <ymin>63.647577092511014</ymin>
        <xmax>197.48017621145374</xmax>
        <ymax>138.14977973568284</ymax>
    </bndbox>
</object>
</annotation>
