<annotation verified="yes">
    <folder>Annotation</folder>
    <filename>mouse_60.jpg</filename>
    <path>MouseBottle-PascalVOC-export/Annotations/mouse_60.jpg</path>
    <source>
        <database>Unknown</database>
    </source>
    <size>
        <width>224</width>
        <height>224</height>
        <depth>3</depth>
    </size>
    <segmented>0</segmented>
    <object>
    <name>mouse</name>
    <pose>Unspecified</pose>
    <truncated>0</truncated>
    <difficult>0</difficult>
    <bndbox>
        <xmin>140.24669603524228</xmin>
        <ymin>131.98237885462555</ymin>
        <xmax>203.8942731277533</xmax>
        <ymax>174.16740088105726</ymax>
    </bndbox>
</object><object>
    <name>bottle</name>
    <pose>Unspecified</pose>
    <truncated>0</truncated>
    <difficult>0</difficult>
    <bndbox>
        <xmin>67.47136563876651</xmin>
        <ymin>32.81057268722467</ymin>
        <xmax>129.88546255506608</xmax>
        <ymax>184.5286343612335</ymax>
    </bndbox>
</object>
</annotation>
