<annotation verified="yes">
    <folder>Annotation</folder>
    <filename>mouse_2_41.jpg</filename>
    <path>Mouse_2-PascalVOC-export/Annotations/mouse_2_41.jpg</path>
    <source>
        <database>Unknown</database>
    </source>
    <size>
        <width>224</width>
        <height>224</height>
        <depth>3</depth>
    </size>
    <segmented>0</segmented>
    <object>
    <name>mouse</name>
    <pose>Unspecified</pose>
    <truncated>0</truncated>
    <difficult>0</difficult>
    <bndbox>
        <xmin>91.89427312775331</xmin>
        <ymin>99.66519823788546</ymin>
        <xmax>139.50660792951544</xmax>
        <ymax>167.75330396475772</ymax>
    </bndbox>
</object>
</annotation>
