<annotation verified="yes">
    <folder>Annotation</folder>
    <filename>mouse_2_22.jpg</filename>
    <path>Mouse_2-PascalVOC-export/Annotations/mouse_2_22.jpg</path>
    <source>
        <database>Unknown</database>
    </source>
    <size>
        <width>224</width>
        <height>224</height>
        <depth>3</depth>
    </size>
    <segmented>0</segmented>
    <object>
    <name>mouse</name>
    <pose>Unspecified</pose>
    <truncated>0</truncated>
    <difficult>0</difficult>
    <bndbox>
        <xmin>69.19823788546256</xmin>
        <ymin>73.76211453744493</ymin>
        <xmax>146.66079295154185</xmax>
        <ymax>144.81057268722466</ymax>
    </bndbox>
</object>
</annotation>
