<annotation verified="yes">
    <folder>Annotation</folder>
    <filename>mouse_2_57.jpg</filename>
    <path>Mouse_2-PascalVOC-export/Annotations/mouse_2_57.jpg</path>
    <source>
        <database>Unknown</database>
    </source>
    <size>
        <width>224</width>
        <height>224</height>
        <depth>3</depth>
    </size>
    <segmented>0</segmented>
    <object>
    <name>mouse</name>
    <pose>Unspecified</pose>
    <truncated>0</truncated>
    <difficult>0</difficult>
    <bndbox>
        <xmin>129.3920704845815</xmin>
        <ymin>61.92070484581498</ymin>
        <xmax>199.94713656387665</xmax>
        <ymax>104.59911894273128</ymax>
    </bndbox>
</object>
</annotation>
