<annotation verified="yes">
    <folder>Annotation</folder>
    <filename>mouse_17.jpg</filename>
    <path>MouseBottle-PascalVOC-export/Annotations/mouse_17.jpg</path>
    <source>
        <database>Unknown</database>
    </source>
    <size>
        <width>224</width>
        <height>224</height>
        <depth>3</depth>
    </size>
    <segmented>0</segmented>
    <object>
    <name>mouse</name>
    <pose>Unspecified</pose>
    <truncated>0</truncated>
    <difficult>0</difficult>
    <bndbox>
        <xmin>15.418502202643172</xmin>
        <ymin>79.43612334801762</ymin>
        <xmax>192.05286343612335</xmax>
        <ymax>172.93392070484583</ymax>
    </bndbox>
</object>
</annotation>
