<annotation verified="yes">
    <folder>Annotation</folder>
    <filename>mouse_97.jpg</filename>
    <path>MouseBottle-PascalVOC-export/Annotations/mouse_97.jpg</path>
    <source>
        <database>Unknown</database>
    </source>
    <size>
        <width>224</width>
        <height>224</height>
        <depth>3</depth>
    </size>
    <segmented>0</segmented>
    <object>
    <name>mouse</name>
    <pose>Unspecified</pose>
    <truncated>0</truncated>
    <difficult>0</difficult>
    <bndbox>
        <xmin>89.18061674008811</xmin>
        <ymin>120.63436123348018</ymin>
        <xmax>125.69162995594715</xmax>
        <ymax>142.83700440528634</ymax>
    </bndbox>
</object>
</annotation>
