<annotation verified="yes">
    <folder>Annotation</folder>
    <filename>mouse_48.jpg</filename>
    <path>MouseBottle-PascalVOC-export/Annotations/mouse_48.jpg</path>
    <source>
        <database>Unknown</database>
    </source>
    <size>
        <width>224</width>
        <height>224</height>
        <depth>3</depth>
    </size>
    <segmented>0</segmented>
    <object>
    <name>mouse</name>
    <pose>Unspecified</pose>
    <truncated>0</truncated>
    <difficult>0</difficult>
    <bndbox>
        <xmin>88.93392070484582</xmin>
        <ymin>120.88105726872247</ymin>
        <xmax>151.59471365638768</xmax>
        <ymax>198.34361233480178</ymax>
    </bndbox>
</object>
</annotation>
