<annotation verified="yes">
    <folder>Annotation</folder>
    <filename>mouse_2_90.jpg</filename>
    <path>Mouse_2-PascalVOC-export/Annotations/mouse_2_90.jpg</path>
    <source>
        <database>Unknown</database>
    </source>
    <size>
        <width>224</width>
        <height>224</height>
        <depth>3</depth>
    </size>
    <segmented>0</segmented>
    <object>
    <name>mouse</name>
    <pose>Unspecified</pose>
    <truncated>0</truncated>
    <difficult>0</difficult>
    <bndbox>
        <xmin>86.4669603524229</xmin>
        <ymin>116.68722466960352</ymin>
        <xmax>137.77973568281936</xmax>
        <ymax>157.63876651982378</ymax>
    </bndbox>
</object>
</annotation>
