<annotation verified="yes">
    <folder>Annotation</folder>
    <filename>mouse_2_108.jpg</filename>
    <path>Mouse_2-PascalVOC-export/Annotations/mouse_2_108.jpg</path>
    <source>
        <database>Unknown</database>
    </source>
    <size>
        <width>224</width>
        <height>224</height>
        <depth>3</depth>
    </size>
    <segmented>0</segmented>
    <object>
    <name>mouse</name>
    <pose>Unspecified</pose>
    <truncated>0</truncated>
    <difficult>0</difficult>
    <bndbox>
        <xmin>96.82819383259913</xmin>
        <ymin>101.88546255506608</ymin>
        <xmax>136.05286343612335</xmax>
        <ymax>123.84140969162996</ymax>
    </bndbox>
</object>
</annotation>
