<annotation verified="yes">
    <folder>Annotation</folder>
    <filename>mouse_114.jpg</filename>
    <path>MouseBottle-PascalVOC-export/Annotations/mouse_114.jpg</path>
    <source>
        <database>Unknown</database>
    </source>
    <size>
        <width>224</width>
        <height>224</height>
        <depth>3</depth>
    </size>
    <segmented>0</segmented>
    <object>
    <name>mouse</name>
    <pose>Unspecified</pose>
    <truncated>0</truncated>
    <difficult>0</difficult>
    <bndbox>
        <xmin>129.63876651982378</xmin>
        <ymin>61.92070484581498</ymin>
        <xmax>201.67400881057267</xmax>
        <ymax>99.91189427312776</ymax>
    </bndbox>
</object>
</annotation>
