<annotation verified="yes">
    <folder>Annotation</folder>
    <filename>mouse_2_33.jpg</filename>
    <path>Mouse_2-PascalVOC-export/Annotations/mouse_2_33.jpg</path>
    <source>
        <database>Unknown</database>
    </source>
    <size>
        <width>224</width>
        <height>224</height>
        <depth>3</depth>
    </size>
    <segmented>0</segmented>
    <object>
    <name>mouse</name>
    <pose>Unspecified</pose>
    <truncated>0</truncated>
    <difficult>0</difficult>
    <bndbox>
        <xmin>65.99118942731278</xmin>
        <ymin>90.04405286343612</ymin>
        <xmax>148.1409691629956</xmax>
        <ymax>132.47577092511014</ymax>
    </bndbox>
</object>
</annotation>
