<annotation verified="yes">
    <folder>Annotation</folder>
    <filename>mouse_2_70.jpg</filename>
    <path>Mouse_2-PascalVOC-export/Annotations/mouse_2_70.jpg</path>
    <source>
        <database>Unknown</database>
    </source>
    <size>
        <width>224</width>
        <height>224</height>
        <depth>3</depth>
    </size>
    <segmented>0</segmented>
    <object>
    <name>mouse</name>
    <pose>Unspecified</pose>
    <truncated>0</truncated>
    <difficult>0</difficult>
    <bndbox>
        <xmin>34.41409691629956</xmin>
        <ymin>94.73127753303964</ymin>
        <xmax>101.76211453744494</xmax>
        <ymax>177.62114537444933</ymax>
    </bndbox>
</object>
</annotation>
