<annotation verified="yes">
    <folder>Annotation</folder>
    <filename>mouse_2_13.jpg</filename>
    <path>Mouse_2-PascalVOC-export/Annotations/mouse_2_13.jpg</path>
    <source>
        <database>Unknown</database>
    </source>
    <size>
        <width>224</width>
        <height>224</height>
        <depth>3</depth>
    </size>
    <segmented>0</segmented>
    <object>
    <name>mouse</name>
    <pose>Unspecified</pose>
    <truncated>0</truncated>
    <difficult>0</difficult>
    <bndbox>
        <xmin>91.64757709251101</xmin>
        <ymin>101.3920704845815</ymin>
        <xmax>149.62114537444933</xmax>
        <ymax>155.91189427312776</ymax>
    </bndbox>
</object>
</annotation>
