<annotation verified="yes">
    <folder>Annotation</folder>
    <filename>mouse_2_68.jpg</filename>
    <path>Mouse_2-PascalVOC-export/Annotations/mouse_2_68.jpg</path>
    <source>
        <database>Unknown</database>
    </source>
    <size>
        <width>224</width>
        <height>224</height>
        <depth>3</depth>
    </size>
    <segmented>0</segmented>
    <object>
    <name>mouse</name>
    <pose>Unspecified</pose>
    <truncated>0</truncated>
    <difficult>0</difficult>
    <bndbox>
        <xmin>87.45374449339207</xmin>
        <ymin>91.77092511013215</ymin>
        <xmax>136.29955947136563</xmax>
        <ymax>164.05286343612335</ymax>
    </bndbox>
</object>
</annotation>
