<annotation verified="yes">
    <folder>Annotation</folder>
    <filename>mouse_2_104.jpg</filename>
    <path>Mouse_2-PascalVOC-export/Annotations/mouse_2_104.jpg</path>
    <source>
        <database>Unknown</database>
    </source>
    <size>
        <width>224</width>
        <height>224</height>
        <depth>3</depth>
    </size>
    <segmented>0</segmented>
    <object>
    <name>mouse</name>
    <pose>Unspecified</pose>
    <truncated>0</truncated>
    <difficult>0</difficult>
    <bndbox>
        <xmin>74.62555066079295</xmin>
        <ymin>96.45814977973568</ymin>
        <xmax>101.02202643171806</xmax>
        <ymax>118.16740088105726</ymax>
    </bndbox>
</object>
</annotation>
