<annotation verified="yes">
    <folder>Annotation</folder>
    <filename>mouse_99.jpg</filename>
    <path>MouseBottle-PascalVOC-export/Annotations/mouse_99.jpg</path>
    <source>
        <database>Unknown</database>
    </source>
    <size>
        <width>224</width>
        <height>224</height>
        <depth>3</depth>
    </size>
    <segmented>0</segmented>
    <object>
    <name>mouse</name>
    <pose>Unspecified</pose>
    <truncated>0</truncated>
    <difficult>0</difficult>
    <bndbox>
        <xmin>103.48898678414098</xmin>
        <ymin>101.88546255506608</ymin>
        <xmax>142.22026431718064</xmax>
        <ymax>128.0352422907489</ymax>
    </bndbox>
</object>
</annotation>
