<annotation verified="yes">
    <folder>Annotation</folder>
    <filename>mouse_121.jpg</filename>
    <path>MouseBottle-PascalVOC-export/Annotations/mouse_121.jpg</path>
    <source>
        <database>Unknown</database>
    </source>
    <size>
        <width>224</width>
        <height>224</height>
        <depth>3</depth>
    </size>
    <segmented>0</segmented>
    <object>
    <name>bottle</name>
    <pose>Unspecified</pose>
    <truncated>0</truncated>
    <difficult>0</difficult>
    <bndbox>
        <xmin>65.99118942731278</xmin>
        <ymin>58.220264317180614</ymin>
        <xmax>114.59030837004406</xmax>
        <ymax>132.9691629955947</ymax>
    </bndbox>
</object><object>
    <name>mouse</name>
    <pose>Unspecified</pose>
    <truncated>0</truncated>
    <difficult>0</difficult>
    <bndbox>
        <xmin>103.48898678414098</xmin>
        <ymin>129.76211453744494</ymin>
        <xmax>153.07488986784142</xmax>
        <ymax>177.37444933920705</ymax>
    </bndbox>
</object>
</annotation>
