<annotation verified="yes">
    <folder>Annotation</folder>
    <filename>mouse_26.jpg</filename>
    <path>MouseBottle-PascalVOC-export/Annotations/mouse_26.jpg</path>
    <source>
        <database>Unknown</database>
    </source>
    <size>
        <width>224</width>
        <height>224</height>
        <depth>3</depth>
    </size>
    <segmented>0</segmented>
    <object>
    <name>mouse</name>
    <pose>Unspecified</pose>
    <truncated>0</truncated>
    <difficult>0</difficult>
    <bndbox>
        <xmin>52.17621145374449</xmin>
        <ymin>145.05726872246697</ymin>
        <xmax>129.88546255506608</xmax>
        <ymax>187.488986784141</ymax>
    </bndbox>
</object><object>
    <name>bottle</name>
    <pose>Unspecified</pose>
    <truncated>0</truncated>
    <difficult>0</difficult>
    <bndbox>
        <xmin>94.11453744493392</xmin>
        <ymin>37.00440528634361</ymin>
        <xmax>132.84581497797356</xmax>
        <ymax>145.7973568281938</ymax>
    </bndbox>
</object>
</annotation>
