<annotation verified="yes">
    <folder>Annotation</folder>
    <filename>mouse_106.jpg</filename>
    <path>MouseBottle-PascalVOC-export/Annotations/mouse_106.jpg</path>
    <source>
        <database>Unknown</database>
    </source>
    <size>
        <width>224</width>
        <height>224</height>
        <depth>3</depth>
    </size>
    <segmented>0</segmented>
    <object>
    <name>mouse</name>
    <pose>Unspecified</pose>
    <truncated>0</truncated>
    <difficult>0</difficult>
    <bndbox>
        <xmin>20.599118942731277</xmin>
        <ymin>86.59030837004406</ymin>
        <xmax>98.06167400881057</xmax>
        <ymax>124.82819383259911</ymax>
    </bndbox>
</object>
</annotation>
