<annotation verified="yes">
    <folder>Annotation</folder>
    <filename>mouse_107.jpg</filename>
    <path>MouseBottle-PascalVOC-export/Annotations/mouse_107.jpg</path>
    <source>
        <database>Unknown</database>
    </source>
    <size>
        <width>224</width>
        <height>224</height>
        <depth>3</depth>
    </size>
    <segmented>0</segmented>
    <object>
    <name>mouse</name>
    <pose>Unspecified</pose>
    <truncated>0</truncated>
    <difficult>0</difficult>
    <bndbox>
        <xmin>66.48458149779735</xmin>
        <ymin>106.32599118942731</ymin>
        <xmax>123.22466960352423</xmax>
        <ymax>135.9295154185022</ymax>
    </bndbox>
</object>
</annotation>
