<annotation verified="yes">
    <folder>Annotation</folder>
    <filename>mouse_69.jpg</filename>
    <path>MouseBottle-PascalVOC-export/Annotations/mouse_69.jpg</path>
    <source>
        <database>Unknown</database>
    </source>
    <size>
        <width>224</width>
        <height>224</height>
        <depth>3</depth>
    </size>
    <segmented>0</segmented>
    <object>
    <name>mouse</name>
    <pose>Unspecified</pose>
    <truncated>0</truncated>
    <difficult>0</difficult>
    <bndbox>
        <xmin>98.80176211453744</xmin>
        <ymin>101.88546255506608</ymin>
        <xmax>119.77092511013215</xmax>
        <ymax>126.06167400881057</ymax>
    </bndbox>
</object>
</annotation>
