<annotation verified="yes">
    <folder>Annotation</folder>
    <filename>mouse_2_4.jpg</filename>
    <path>Mouse_2-PascalVOC-export/Annotations/mouse_2_4.jpg</path>
    <source>
        <database>Unknown</database>
    </source>
    <size>
        <width>224</width>
        <height>224</height>
        <depth>3</depth>
    </size>
    <segmented>0</segmented>
    <object>
    <name>mouse</name>
    <pose>Unspecified</pose>
    <truncated>0</truncated>
    <difficult>0</difficult>
    <bndbox>
        <xmin>52.91629955947137</xmin>
        <ymin>77.95594713656388</ymin>
        <xmax>127.91189427312776</xmax>
        <ymax>135.43612334801762</ymax>
    </bndbox>
</object>
</annotation>
