<annotation verified="yes">
    <folder>Annotation</folder>
    <filename>mouse_2_11.jpg</filename>
    <path>Mouse_2-PascalVOC-export/Annotations/mouse_2_11.jpg</path>
    <source>
        <database>Unknown</database>
    </source>
    <size>
        <width>224</width>
        <height>224</height>
        <depth>3</depth>
    </size>
    <segmented>0</segmented>
    <object>
    <name>mouse</name>
    <pose>Unspecified</pose>
    <truncated>0</truncated>
    <difficult>0</difficult>
    <bndbox>
        <xmin>41.56828193832599</xmin>
        <ymin>103.61233480176212</ymin>
        <xmax>148.3876651982379</xmax>
        <ymax>158.13215859030836</ymax>
    </bndbox>
</object>
</annotation>
