<annotation verified="yes">
    <folder>Annotation</folder>
    <filename>mouse_8.jpg</filename>
    <path>MouseBottle-PascalVOC-export/Annotations/mouse_8.jpg</path>
    <source>
        <database>Unknown</database>
    </source>
    <size>
        <width>224</width>
        <height>224</height>
        <depth>3</depth>
    </size>
    <segmented>0</segmented>
    <object>
    <name>mouse</name>
    <pose>Unspecified</pose>
    <truncated>0</truncated>
    <difficult>0</difficult>
    <bndbox>
        <xmin>42.801762114537446</xmin>
        <ymin>24.176211453744493</ymin>
        <xmax>165.40969162995594</xmax>
        <ymax>129.02202643171807</ymax>
    </bndbox>
</object>
</annotation>
