<annotation verified="yes">
    <folder>Annotation</folder>
    <filename>mouse_47.jpg</filename>
    <path>MouseBottle-PascalVOC-export/Annotations/mouse_47.jpg</path>
    <source>
        <database>Unknown</database>
    </source>
    <size>
        <width>224</width>
        <height>224</height>
        <depth>3</depth>
    </size>
    <segmented>0</segmented>
    <object>
    <name>mouse</name>
    <pose>Unspecified</pose>
    <truncated>0</truncated>
    <difficult>0</difficult>
    <bndbox>
        <xmin>63.030837004405285</xmin>
        <ymin>107.80616740088105</ymin>
        <xmax>137.53303964757708</xmax>
        <ymax>183.29515418502203</ymax>
    </bndbox>
</object>
</annotation>
