<annotation verified="yes">
    <folder>Annotation</folder>
    <filename>mouse_33.jpg</filename>
    <path>MouseBottle-PascalVOC-export/Annotations/mouse_33.jpg</path>
    <source>
        <database>Unknown</database>
    </source>
    <size>
        <width>224</width>
        <height>224</height>
        <depth>3</depth>
    </size>
    <segmented>0</segmented>
    <object>
    <name>mouse</name>
    <pose>Unspecified</pose>
    <truncated>0</truncated>
    <difficult>0</difficult>
    <bndbox>
        <xmin>122.23788546255507</xmin>
        <ymin>119.40088105726872</ymin>
        <xmax>182.43171806167402</xmax>
        <ymax>200.31718061674007</ymax>
    </bndbox>
</object>
</annotation>
