<annotation verified="yes">
    <folder>Annotation</folder>
    <filename>mouse_2_3.jpg</filename>
    <path>Mouse_2-PascalVOC-export/Annotations/mouse_2_3.jpg</path>
    <source>
        <database>Unknown</database>
    </source>
    <size>
        <width>224</width>
        <height>224</height>
        <depth>3</depth>
    </size>
    <segmented>0</segmented>
    <object>
    <name>mouse</name>
    <pose>Unspecified</pose>
    <truncated>0</truncated>
    <difficult>0</difficult>
    <bndbox>
        <xmin>55.87665198237885</xmin>
        <ymin>62.41409691629956</ymin>
        <xmax>141.48017621145374</xmax>
        <ymax>142.83700440528634</ymax>
    </bndbox>
</object>
</annotation>
