<annotation verified="yes">
    <folder>Annotation</folder>
    <filename>mouse_2_67.jpg</filename>
    <path>Mouse_2-PascalVOC-export/Annotations/mouse_2_67.jpg</path>
    <source>
        <database>Unknown</database>
    </source>
    <size>
        <width>224</width>
        <height>224</height>
        <depth>3</depth>
    </size>
    <segmented>0</segmented>
    <object>
    <name>mouse</name>
    <pose>Unspecified</pose>
    <truncated>0</truncated>
    <difficult>0</difficult>
    <bndbox>
        <xmin>94.36123348017621</xmin>
        <ymin>77.95594713656388</ymin>
        <xmax>187.61233480176213</xmax>
        <ymax>145.55066079295153</ymax>
    </bndbox>
</object>
</annotation>
