<annotation verified="yes">
    <folder>Annotation</folder>
    <filename>mouse_2_111.jpg</filename>
    <path>Mouse_2-PascalVOC-export/Annotations/mouse_2_111.jpg</path>
    <source>
        <database>Unknown</database>
    </source>
    <size>
        <width>224</width>
        <height>224</height>
        <depth>3</depth>
    </size>
    <segmented>0</segmented>
    <object>
    <name>mouse</name>
    <pose>Unspecified</pose>
    <truncated>0</truncated>
    <difficult>0</difficult>
    <bndbox>
        <xmin>42.06167400881057</xmin>
        <ymin>130.2555066079295</ymin>
        <xmax>131.1189427312775</xmax>
        <ymax>180.33480176211452</ymax>
    </bndbox>
</object>
</annotation>
