<annotation verified="yes">
    <folder>Annotation</folder>
    <filename>mouse_2_117.jpg</filename>
    <path>Mouse_2-PascalVOC-export/Annotations/mouse_2_117.jpg</path>
    <source>
        <database>Unknown</database>
    </source>
    <size>
        <width>224</width>
        <height>224</height>
        <depth>3</depth>
    </size>
    <segmented>0</segmented>
    <object>
    <name>mouse</name>
    <pose>Unspecified</pose>
    <truncated>0</truncated>
    <difficult>0</difficult>
    <bndbox>
        <xmin>86.96035242290749</xmin>
        <ymin>100.15859030837005</ymin>
        <xmax>139.5066079295154</xmax>
        <ymax>172.44052863436124</ymax>
    </bndbox>
</object>
</annotation>
