<annotation verified="yes">
    <folder>Annotation</folder>
    <filename>mouse_2_8.jpg</filename>
    <path>Mouse_2-PascalVOC-export/Annotations/mouse_2_8.jpg</path>
    <source>
        <database>Unknown</database>
    </source>
    <size>
        <width>224</width>
        <height>224</height>
        <depth>3</depth>
    </size>
    <segmented>0</segmented>
    <object>
    <name>mouse</name>
    <pose>Unspecified</pose>
    <truncated>0</truncated>
    <difficult>0</difficult>
    <bndbox>
        <xmin>75.36563876651982</xmin>
        <ymin>83.13656387665198</ymin>
        <xmax>123.47136563876651</xmax>
        <ymax>146.2907488986784</ymax>
    </bndbox>
</object>
</annotation>
