<annotation verified="yes">
    <folder>Annotation</folder>
    <filename>mouse_24.jpg</filename>
    <path>MouseBottle-PascalVOC-export/Annotations/mouse_24.jpg</path>
    <source>
        <database>Unknown</database>
    </source>
    <size>
        <width>224</width>
        <height>224</height>
        <depth>3</depth>
    </size>
    <segmented>0</segmented>
    <object>
    <name>mouse</name>
    <pose>Unspecified</pose>
    <truncated>0</truncated>
    <difficult>0</difficult>
    <bndbox>
        <xmin>44.28193832599119</xmin>
        <ymin>86.34361233480176</ymin>
        <xmax>171.33039647577093</xmax>
        <ymax>171.20704845814979</ymax>
    </bndbox>
</object>
</annotation>
