<annotation verified="yes">
    <folder>Annotation</folder>
    <filename>mouse_2_24.jpg</filename>
    <path>Mouse_2-PascalVOC-export/Annotations/mouse_2_24.jpg</path>
    <source>
        <database>Unknown</database>
    </source>
    <size>
        <width>224</width>
        <height>224</height>
        <depth>3</depth>
    </size>
    <segmented>0</segmented>
    <object>
    <name>mouse</name>
    <pose>Unspecified</pose>
    <truncated>0</truncated>
    <difficult>0</difficult>
    <bndbox>
        <xmin>23.80616740088106</xmin>
        <ymin>87.82378854625551</ymin>
        <xmax>103.98237885462555</xmax>
        <ymax>144.3171806167401</ymax>
    </bndbox>
</object>
</annotation>
