<annotation verified="yes">
    <folder>Annotation</folder>
    <filename>mouse_94.jpg</filename>
    <path>MouseBottle-PascalVOC-export/Annotations/mouse_94.jpg</path>
    <source>
        <database>Unknown</database>
    </source>
    <size>
        <width>224</width>
        <height>224</height>
        <depth>3</depth>
    </size>
    <segmented>0</segmented>
    <object>
    <name>mouse</name>
    <pose>Unspecified</pose>
    <truncated>0</truncated>
    <difficult>0</difficult>
    <bndbox>
        <xmin>58.34361233480176</xmin>
        <ymin>70.80176211453744</ymin>
        <xmax>151.84140969162996</xmax>
        <ymax>181.56828193832598</ymax>
    </bndbox>
</object>
</annotation>
