<annotation verified="yes">
    <folder>Annotation</folder>
    <filename>mouse_2_55.jpg</filename>
    <path>Mouse_2-PascalVOC-export/Annotations/mouse_2_55.jpg</path>
    <source>
        <database>Unknown</database>
    </source>
    <size>
        <width>224</width>
        <height>224</height>
        <depth>3</depth>
    </size>
    <segmented>0</segmented>
    <object>
    <name>mouse</name>
    <pose>Unspecified</pose>
    <truncated>0</truncated>
    <difficult>0</difficult>
    <bndbox>
        <xmin>120.75770925110132</xmin>
        <ymin>94.48458149779736</ymin>
        <xmax>180.70484581497797</xmax>
        <ymax>122.11453744493393</ymax>
    </bndbox>
</object>
</annotation>
