<annotation verified="yes">
    <folder>Annotation</folder>
    <filename>mouse_72.jpg</filename>
    <path>MouseBottle-PascalVOC-export/Annotations/mouse_72.jpg</path>
    <source>
        <database>Unknown</database>
    </source>
    <size>
        <width>224</width>
        <height>224</height>
        <depth>3</depth>
    </size>
    <segmented>0</segmented>
    <object>
    <name>mouse</name>
    <pose>Unspecified</pose>
    <truncated>0</truncated>
    <difficult>0</difficult>
    <bndbox>
        <xmin>65.2511013215859</xmin>
        <ymin>83.13656387665198</ymin>
        <xmax>109.65638766519824</xmax>
        <ymax>108.05286343612335</ymax>
    </bndbox>
</object>
</annotation>
