<annotation verified="yes">
    <folder>Annotation</folder>
    <filename>mouse_2_47.jpg</filename>
    <path>Mouse_2-PascalVOC-export/Annotations/mouse_2_47.jpg</path>
    <source>
        <database>Unknown</database>
    </source>
    <size>
        <width>224</width>
        <height>224</height>
        <depth>3</depth>
    </size>
    <segmented>0</segmented>
    <object>
    <name>mouse</name>
    <pose>Unspecified</pose>
    <truncated>0</truncated>
    <difficult>0</difficult>
    <bndbox>
        <xmin>67.22466960352423</xmin>
        <ymin>79.43612334801762</ymin>
        <xmax>140.7400881057269</xmax>
        <ymax>115.70044052863436</ymax>
    </bndbox>
</object>
</annotation>
