<annotation verified="yes">
    <folder>Annotation</folder>
    <filename>mouse_51.jpg</filename>
    <path>MouseBottle-PascalVOC-export/Annotations/mouse_51.jpg</path>
    <source>
        <database>Unknown</database>
    </source>
    <size>
        <width>224</width>
        <height>224</height>
        <depth>3</depth>
    </size>
    <segmented>0</segmented>
    <object>
    <name>mouse</name>
    <pose>Unspecified</pose>
    <truncated>0</truncated>
    <difficult>0</difficult>
    <bndbox>
        <xmin>102.50220264317181</xmin>
        <ymin>85.1101321585903</ymin>
        <xmax>144.68722466960352</xmax>
        <ymax>111.25991189427313</ymax>
    </bndbox>
</object>
</annotation>
