<annotation verified="yes">
    <folder>Annotation</folder>
    <filename>mouse_2_50.jpg</filename>
    <path>Mouse_2-PascalVOC-export/Annotations/mouse_2_50.jpg</path>
    <source>
        <database>Unknown</database>
    </source>
    <size>
        <width>224</width>
        <height>224</height>
        <depth>3</depth>
    </size>
    <segmented>0</segmented>
    <object>
    <name>mouse</name>
    <pose>Unspecified</pose>
    <truncated>0</truncated>
    <difficult>0</difficult>
    <bndbox>
        <xmin>68.2114537444934</xmin>
        <ymin>68.08810572687224</ymin>
        <xmax>143.70044052863437</xmax>
        <ymax>117.92070484581498</ymax>
    </bndbox>
</object>
</annotation>
