<annotation verified="yes">
    <folder>Annotation</folder>
    <filename>mouse_113.jpg</filename>
    <path>MouseBottle-PascalVOC-export/Annotations/mouse_113.jpg</path>
    <source>
        <database>Unknown</database>
    </source>
    <size>
        <width>224</width>
        <height>224</height>
        <depth>3</depth>
    </size>
    <segmented>0</segmented>
    <object>
    <name>mouse</name>
    <pose>Unspecified</pose>
    <truncated>0</truncated>
    <difficult>0</difficult>
    <bndbox>
        <xmin>117.55066079295155</xmin>
        <ymin>111.25991189427313</ymin>
        <xmax>176.26431718061673</xmax>
        <ymax>146.5374449339207</ymax>
    </bndbox>
</object>
</annotation>
