<annotation verified="yes">
    <folder>Annotation</folder>
    <filename>mouse_2_56.jpg</filename>
    <path>Mouse_2-PascalVOC-export/Annotations/mouse_2_56.jpg</path>
    <source>
        <database>Unknown</database>
    </source>
    <size>
        <width>224</width>
        <height>224</height>
        <depth>3</depth>
    </size>
    <segmented>0</segmented>
    <object>
    <name>mouse</name>
    <pose>Unspecified</pose>
    <truncated>0</truncated>
    <difficult>0</difficult>
    <bndbox>
        <xmin>120.26431718061674</xmin>
        <ymin>98.9251101321586</ymin>
        <xmax>181.93832599118943</xmax>
        <ymax>135.9295154185022</ymax>
    </bndbox>
</object>
</annotation>
