<annotation verified="yes">
    <folder>Annotation</folder>
    <filename>mouse_79.jpg</filename>
    <path>MouseBottle-PascalVOC-export/Annotations/mouse_79.jpg</path>
    <source>
        <database>Unknown</database>
    </source>
    <size>
        <width>224</width>
        <height>224</height>
        <depth>3</depth>
    </size>
    <segmented>0</segmented>
    <object>
    <name>mouse</name>
    <pose>Unspecified</pose>
    <truncated>0</truncated>
    <difficult>0</difficult>
    <bndbox>
        <xmin>61.30396475770925</xmin>
        <ymin>109.77973568281938</ymin>
        <xmax>95.1013215859031</xmax>
        <ymax>134.20264317180616</ymax>
    </bndbox>
</object><object>
    <name>bottle</name>
    <pose>Unspecified</pose>
    <truncated>0</truncated>
    <difficult>0</difficult>
    <bndbox>
        <xmin>117.05726872246696</xmin>
        <ymin>83.13656387665198</ymin>
        <xmax>143.70044052863437</xmax>
        <ymax>127.04845814977973</ymax>
    </bndbox>
</object>
</annotation>
