<annotation verified="yes">
    <folder>Annotation</folder>
    <filename>mouse_2_38.jpg</filename>
    <path>Mouse_2-PascalVOC-export/Annotations/mouse_2_38.jpg</path>
    <source>
        <database>Unknown</database>
    </source>
    <size>
        <width>224</width>
        <height>224</height>
        <depth>3</depth>
    </size>
    <segmented>0</segmented>
    <object>
    <name>mouse</name>
    <pose>Unspecified</pose>
    <truncated>0</truncated>
    <difficult>0</difficult>
    <bndbox>
        <xmin>116.81057268722468</xmin>
        <ymin>88.56387665198238</ymin>
        <xmax>169.6035242290749</xmax>
        <ymax>158.37885462555067</ymax>
    </bndbox>
</object>
</annotation>
