<annotation verified="yes">
    <folder>Annotation</folder>
    <filename>mouse_2_113.jpg</filename>
    <path>Mouse_2-PascalVOC-export/Annotations/mouse_2_113.jpg</path>
    <source>
        <database>Unknown</database>
    </source>
    <size>
        <width>224</width>
        <height>224</height>
        <depth>3</depth>
    </size>
    <segmented>0</segmented>
    <object>
    <name>mouse</name>
    <pose>Unspecified</pose>
    <truncated>0</truncated>
    <difficult>0</difficult>
    <bndbox>
        <xmin>87.94713656387665</xmin>
        <ymin>105.09251101321586</ymin>
        <xmax>185.88546255506608</xmax>
        <ymax>182.80176211453744</ymax>
    </bndbox>
</object>
</annotation>
