<annotation verified="yes">
    <folder>Annotation</folder>
    <filename>mouse_57.jpg</filename>
    <path>MouseBottle-PascalVOC-export/Annotations/mouse_57.jpg</path>
    <source>
        <database>Unknown</database>
    </source>
    <size>
        <width>224</width>
        <height>224</height>
        <depth>3</depth>
    </size>
    <segmented>0</segmented>
    <object>
    <name>mouse</name>
    <pose>Unspecified</pose>
    <truncated>0</truncated>
    <difficult>0</difficult>
    <bndbox>
        <xmin>75.36563876651982</xmin>
        <ymin>118.16740088105728</ymin>
        <xmax>156.0352422907489</xmax>
        <ymax>166.76651982378854</ymax>
    </bndbox>
</object>
</annotation>
