<annotation verified="yes">
    <folder>Annotation</folder>
    <filename>mouse_2_88.jpg</filename>
    <path>Mouse_2-PascalVOC-export/Annotations/mouse_2_88.jpg</path>
    <source>
        <database>Unknown</database>
    </source>
    <size>
        <width>224</width>
        <height>224</height>
        <depth>3</depth>
    </size>
    <segmented>0</segmented>
    <object>
    <name>mouse</name>
    <pose>Unspecified</pose>
    <truncated>0</truncated>
    <difficult>0</difficult>
    <bndbox>
        <xmin>134.07929515418502</xmin>
        <ymin>90.53744493392071</ymin>
        <xmax>179.4713656387665</xmax>
        <ymax>132.47577092511014</ymax>
    </bndbox>
</object>
</annotation>
