<annotation verified="yes">
    <folder>Annotation</folder>
    <filename>mouse_14.jpg</filename>
    <path>MouseBottle-PascalVOC-export/Annotations/mouse_14.jpg</path>
    <source>
        <database>Unknown</database>
    </source>
    <size>
        <width>224</width>
        <height>224</height>
        <depth>3</depth>
    </size>
    <segmented>0</segmented>
    <object>
    <name>mouse</name>
    <pose>Unspecified</pose>
    <truncated>0</truncated>
    <difficult>0</difficult>
    <bndbox>
        <xmin>71.66519823788546</xmin>
        <ymin>75.24229074889868</ymin>
        <xmax>140</xmax>
        <ymax>153.19823788546256</ymax>
    </bndbox>
</object>
</annotation>
