<annotation verified="yes">
    <folder>Annotation</folder>
    <filename>mouse_13.jpg</filename>
    <path>MouseBottle-PascalVOC-export/Annotations/mouse_13.jpg</path>
    <source>
        <database>Unknown</database>
    </source>
    <size>
        <width>224</width>
        <height>224</height>
        <depth>3</depth>
    </size>
    <segmented>0</segmented>
    <object>
    <name>mouse</name>
    <pose>Unspecified</pose>
    <truncated>0</truncated>
    <difficult>0</difficult>
    <bndbox>
        <xmin>68.95154185022027</xmin>
        <ymin>72.77533039647577</ymin>
        <xmax>140.24669603524228</xmax>
        <ymax>175.1541850220264</ymax>
    </bndbox>
</object>
</annotation>
