<annotation verified="yes">
    <folder>Annotation</folder>
    <filename>mouse_2_83.jpg</filename>
    <path>Mouse_2-PascalVOC-export/Annotations/mouse_2_83.jpg</path>
    <source>
        <database>Unknown</database>
    </source>
    <size>
        <width>224</width>
        <height>224</height>
        <depth>3</depth>
    </size>
    <segmented>0</segmented>
    <object>
    <name>mouse</name>
    <pose>Unspecified</pose>
    <truncated>0</truncated>
    <difficult>0</difficult>
    <bndbox>
        <xmin>72.15859030837005</xmin>
        <ymin>109.03964757709251</ymin>
        <xmax>134.32599118942733</xmax>
        <ymax>150.48458149779736</ymax>
    </bndbox>
</object>
</annotation>
