<annotation verified="yes">
    <folder>Annotation</folder>
    <filename>mouse_42.jpg</filename>
    <path>MouseBottle-PascalVOC-export/Annotations/mouse_42.jpg</path>
    <source>
        <database>Unknown</database>
    </source>
    <size>
        <width>224</width>
        <height>224</height>
        <depth>3</depth>
    </size>
    <segmented>0</segmented>
    <object>
    <name>mouse</name>
    <pose>Unspecified</pose>
    <truncated>0</truncated>
    <difficult>0</difficult>
    <bndbox>
        <xmin>79.31277533039648</xmin>
        <ymin>46.87224669603524</ymin>
        <xmax>209.56828193832598</xmax>
        <ymax>113.97356828193833</ymax>
    </bndbox>
</object>
</annotation>
