<annotation verified="yes">
    <folder>Annotation</folder>
    <filename>mouse_2_17.jpg</filename>
    <path>Mouse_2-PascalVOC-export/Annotations/mouse_2_17.jpg</path>
    <source>
        <database>Unknown</database>
    </source>
    <size>
        <width>224</width>
        <height>224</height>
        <depth>3</depth>
    </size>
    <segmented>0</segmented>
    <object>
    <name>mouse</name>
    <pose>Unspecified</pose>
    <truncated>0</truncated>
    <difficult>0</difficult>
    <bndbox>
        <xmin>35.647577092511014</xmin>
        <ymin>112.74008810572687</ymin>
        <xmax>80.54625550660793</xmax>
        <ymax>159.36563876651982</ymax>
    </bndbox>
</object>
</annotation>
