<annotation verified="yes">
    <folder>Annotation</folder>
    <filename>mouse_2_20.jpg</filename>
    <path>Mouse_2-PascalVOC-export/Annotations/mouse_2_20.jpg</path>
    <source>
        <database>Unknown</database>
    </source>
    <size>
        <width>224</width>
        <height>224</height>
        <depth>3</depth>
    </size>
    <segmented>0</segmented>
    <object>
    <name>mouse</name>
    <pose>Unspecified</pose>
    <truncated>0</truncated>
    <difficult>0</difficult>
    <bndbox>
        <xmin>46.502202643171806</xmin>
        <ymin>77.70925110132158</ymin>
        <xmax>147.8942731277533</xmax>
        <ymax>131.48898678414096</ymax>
    </bndbox>
</object>
</annotation>
