<annotation verified="yes">
    <folder>Annotation</folder>
    <filename>mouse_2_58.jpg</filename>
    <path>Mouse_2-PascalVOC-export/Annotations/mouse_2_58.jpg</path>
    <source>
        <database>Unknown</database>
    </source>
    <size>
        <width>224</width>
        <height>224</height>
        <depth>3</depth>
    </size>
    <segmented>0</segmented>
    <object>
    <name>mouse</name>
    <pose>Unspecified</pose>
    <truncated>0</truncated>
    <difficult>0</difficult>
    <bndbox>
        <xmin>83.25991189427313</xmin>
        <ymin>66.36123348017621</ymin>
        <xmax>139.75330396475772</xmax>
        <ymax>127.54185022026431</ymax>
    </bndbox>
</object>
</annotation>
