<annotation verified="yes">
    <folder>Annotation</folder>
    <filename>mouse_2_16.jpg</filename>
    <path>Mouse_2-PascalVOC-export/Annotations/mouse_2_16.jpg</path>
    <source>
        <database>Unknown</database>
    </source>
    <size>
        <width>224</width>
        <height>224</height>
        <depth>3</depth>
    </size>
    <segmented>0</segmented>
    <object>
    <name>mouse</name>
    <pose>Unspecified</pose>
    <truncated>0</truncated>
    <difficult>0</difficult>
    <bndbox>
        <xmin>79.31277533039648</xmin>
        <ymin>111.50660792951543</ymin>
        <xmax>127.66519823788546</xmax>
        <ymax>175.8942731277533</ymax>
    </bndbox>
</object>
</annotation>
