<annotation verified="yes">
    <folder>Annotation</folder>
    <filename>mouse_2_116.jpg</filename>
    <path>Mouse_2-PascalVOC-export/Annotations/mouse_2_116.jpg</path>
    <source>
        <database>Unknown</database>
    </source>
    <size>
        <width>224</width>
        <height>224</height>
        <depth>3</depth>
    </size>
    <segmented>0</segmented>
    <object>
    <name>mouse</name>
    <pose>Unspecified</pose>
    <truncated>0</truncated>
    <difficult>0</difficult>
    <bndbox>
        <xmin>88.19383259911895</xmin>
        <ymin>104.35242290748899</ymin>
        <xmax>140.24669603524228</xmax>
        <ymax>174.16740088105726</ymax>
    </bndbox>
</object>
</annotation>
