<annotation verified="yes">
    <folder>Annotation</folder>
    <filename>mouse_55.jpg</filename>
    <path>MouseBottle-PascalVOC-export/Annotations/mouse_55.jpg</path>
    <source>
        <database>Unknown</database>
    </source>
    <size>
        <width>224</width>
        <height>224</height>
        <depth>3</depth>
    </size>
    <segmented>0</segmented>
    <object>
    <name>mouse</name>
    <pose>Unspecified</pose>
    <truncated>0</truncated>
    <difficult>0</difficult>
    <bndbox>
        <xmin>82.76651982378854</xmin>
        <ymin>95.22466960352423</ymin>
        <xmax>165.40969162995594</xmax>
        <ymax>130.00881057268722</ymax>
    </bndbox>
</object>
</annotation>
