<annotation verified="yes">
    <folder>Annotation</folder>
    <filename>mouse_52.jpg</filename>
    <path>MouseBottle-PascalVOC-export/Annotations/mouse_52.jpg</path>
    <source>
        <database>Unknown</database>
    </source>
    <size>
        <width>224</width>
        <height>224</height>
        <depth>3</depth>
    </size>
    <segmented>0</segmented>
    <object>
    <name>mouse</name>
    <pose>Unspecified</pose>
    <truncated>0</truncated>
    <difficult>0</difficult>
    <bndbox>
        <xmin>87.94713656387665</xmin>
        <ymin>98.431718061674</ymin>
        <xmax>133.33920704845815</xmax>
        <ymax>129.51541850220264</ymax>
    </bndbox>
</object>
</annotation>
