<annotation verified="yes">
    <folder>Annotation</folder>
    <filename>mouse_22.jpg</filename>
    <path>MouseBottle-PascalVOC-export/Annotations/mouse_22.jpg</path>
    <source>
        <database>Unknown</database>
    </source>
    <size>
        <width>224</width>
        <height>224</height>
        <depth>3</depth>
    </size>
    <segmented>0</segmented>
    <object>
    <name>mouse</name>
    <pose>Unspecified</pose>
    <truncated>0</truncated>
    <difficult>0</difficult>
    <bndbox>
        <xmin>52.42290748898679</xmin>
        <ymin>91.27753303964758</ymin>
        <xmax>182.6784140969163</xmax>
        <ymax>153.44493392070484</ymax>
    </bndbox>
</object>
</annotation>
