<annotation verified="yes">
    <folder>Annotation</folder>
    <filename>mouse_38.jpg</filename>
    <path>MouseBottle-PascalVOC-export/Annotations/mouse_38.jpg</path>
    <source>
        <database>Unknown</database>
    </source>
    <size>
        <width>224</width>
        <height>224</height>
        <depth>3</depth>
    </size>
    <segmented>0</segmented>
    <object>
    <name>mouse</name>
    <pose>Unspecified</pose>
    <truncated>0</truncated>
    <difficult>0</difficult>
    <bndbox>
        <xmin>53.16299559471366</xmin>
        <ymin>73.02202643171806</ymin>
        <xmax>146.90748898678413</xmax>
        <ymax>128.28193832599118</ymax>
    </bndbox>
</object>
</annotation>
