<annotation verified="yes">
    <folder>Annotation</folder>
    <filename>mouse_2_109.jpg</filename>
    <path>Mouse_2-PascalVOC-export/Annotations/mouse_2_109.jpg</path>
    <source>
        <database>Unknown</database>
    </source>
    <size>
        <width>224</width>
        <height>224</height>
        <depth>3</depth>
    </size>
    <segmented>0</segmented>
    <object>
    <name>mouse</name>
    <pose>Unspecified</pose>
    <truncated>0</truncated>
    <difficult>0</difficult>
    <bndbox>
        <xmin>80.54625550660793</xmin>
        <ymin>118.41409691629956</ymin>
        <xmax>147.40088105726875</xmax>
        <ymax>168.4933920704846</ymax>
    </bndbox>
</object>
</annotation>
