<annotation verified="yes">
    <folder>Annotation</folder>
    <filename>mouse_2_86.jpg</filename>
    <path>Mouse_2-PascalVOC-export/Annotations/mouse_2_86.jpg</path>
    <source>
        <database>Unknown</database>
    </source>
    <size>
        <width>224</width>
        <height>224</height>
        <depth>3</depth>
    </size>
    <segmented>0</segmented>
    <object>
    <name>mouse</name>
    <pose>Unspecified</pose>
    <truncated>0</truncated>
    <difficult>0</difficult>
    <bndbox>
        <xmin>79.55947136563877</xmin>
        <ymin>86.09691629955947</ymin>
        <xmax>138.27312775330398</xmax>
        <ymax>128.5286343612335</ymax>
    </bndbox>
</object>
</annotation>
