<annotation verified="yes">
    <folder>Annotation</folder>
    <filename>mouse_101.jpg</filename>
    <path>MouseBottle-PascalVOC-export/Annotations/mouse_101.jpg</path>
    <source>
        <database>Unknown</database>
    </source>
    <size>
        <width>224</width>
        <height>224</height>
        <depth>3</depth>
    </size>
    <segmented>0</segmented>
    <object>
    <name>mouse</name>
    <pose>Unspecified</pose>
    <truncated>0</truncated>
    <difficult>0</difficult>
    <bndbox>
        <xmin>115.57709251101322</xmin>
        <ymin>104.59911894273128</ymin>
        <xmax>156.77533039647577</xmax>
        <ymax>137.40969162995594</ymax>
    </bndbox>
</object>
</annotation>
