<annotation verified="yes">
    <folder>Annotation</folder>
    <filename>mouse_2_18.jpg</filename>
    <path>Mouse_2-PascalVOC-export/Annotations/mouse_2_18.jpg</path>
    <source>
        <database>Unknown</database>
    </source>
    <size>
        <width>224</width>
        <height>224</height>
        <depth>3</depth>
    </size>
    <segmented>0</segmented>
    <object>
    <name>mouse</name>
    <pose>Unspecified</pose>
    <truncated>0</truncated>
    <difficult>0</difficult>
    <bndbox>
        <xmin>42.308370044052865</xmin>
        <ymin>91.03083700440529</ymin>
        <xmax>112.86343612334802</xmax>
        <ymax>150.48458149779736</ymax>
    </bndbox>
</object>
</annotation>
