<annotation verified="yes">
    <folder>Annotation</folder>
    <filename>mouse_2_73.jpg</filename>
    <path>Mouse_2-PascalVOC-export/Annotations/mouse_2_73.jpg</path>
    <source>
        <database>Unknown</database>
    </source>
    <size>
        <width>224</width>
        <height>224</height>
        <depth>3</depth>
    </size>
    <segmented>0</segmented>
    <object>
    <name>mouse</name>
    <pose>Unspecified</pose>
    <truncated>0</truncated>
    <difficult>0</difficult>
    <bndbox>
        <xmin>63.27753303964758</xmin>
        <ymin>84.61674008810573</ymin>
        <xmax>144.19383259911893</xmax>
        <ymax>156.15859030837004</ymax>
    </bndbox>
</object>
</annotation>
