<annotation verified="yes">
    <folder>Annotation</folder>
    <filename>mouse_104.jpg</filename>
    <path>MouseBottle-PascalVOC-export/Annotations/mouse_104.jpg</path>
    <source>
        <database>Unknown</database>
    </source>
    <size>
        <width>224</width>
        <height>224</height>
        <depth>3</depth>
    </size>
    <segmented>0</segmented>
    <object>
    <name>mouse</name>
    <pose>Unspecified</pose>
    <truncated>0</truncated>
    <difficult>0</difficult>
    <bndbox>
        <xmin>88.19383259911895</xmin>
        <ymin>104.10572687224669</ymin>
        <xmax>134.5726872246696</xmax>
        <ymax>150.23788546255506</ymax>
    </bndbox>
</object>
</annotation>
