<annotation verified="yes">
    <folder>Annotation</folder>
    <filename>mouse_1.jpg</filename>
    <path>MouseBottle-PascalVOC-export/Annotations/mouse_1.jpg</path>
    <source>
        <database>Unknown</database>
    </source>
    <size>
        <width>224</width>
        <height>224</height>
        <depth>3</depth>
    </size>
    <segmented>0</segmented>
    <object>
    <name>mouse</name>
    <pose>Unspecified</pose>
    <truncated>0</truncated>
    <difficult>0</difficult>
    <bndbox>
        <xmin>80.54625550660793</xmin>
        <ymin>63.647577092511014</ymin>
        <xmax>196.4933920704846</xmax>
        <ymax>137.90308370044053</ymax>
    </bndbox>
</object>
</annotation>
