<annotation verified="yes">
    <folder>Annotation</folder>
    <filename>mouse_12.jpg</filename>
    <path>MouseBottle-PascalVOC-export/Annotations/mouse_12.jpg</path>
    <source>
        <database>Unknown</database>
    </source>
    <size>
        <width>224</width>
        <height>224</height>
        <depth>3</depth>
    </size>
    <segmented>0</segmented>
    <object>
    <name>mouse</name>
    <pose>Unspecified</pose>
    <truncated>0</truncated>
    <difficult>0</difficult>
    <bndbox>
        <xmin>74.13215859030836</xmin>
        <ymin>66.36123348017621</ymin>
        <xmax>143.45374449339207</xmax>
        <ymax>175.40088105726872</ymax>
    </bndbox>
</object>
</annotation>
