<annotation verified="yes">
    <folder>Annotation</folder>
    <filename>mouse_2_106.jpg</filename>
    <path>Mouse_2-PascalVOC-export/Annotations/mouse_2_106.jpg</path>
    <source>
        <database>Unknown</database>
    </source>
    <size>
        <width>224</width>
        <height>224</height>
        <depth>3</depth>
    </size>
    <segmented>0</segmented>
    <object>
    <name>mouse</name>
    <pose>Unspecified</pose>
    <truncated>0</truncated>
    <difficult>0</difficult>
    <bndbox>
        <xmin>101.51541850220265</xmin>
        <ymin>109.77973568281938</ymin>
        <xmax>156.0352422907489</xmax>
        <ymax>136.42290748898677</ymax>
    </bndbox>
</object>
</annotation>
