<annotation verified="yes">
    <folder>Annotation</folder>
    <filename>mouse_87.jpg</filename>
    <path>MouseBottle-PascalVOC-export/Annotations/mouse_87.jpg</path>
    <source>
        <database>Unknown</database>
    </source>
    <size>
        <width>224</width>
        <height>224</height>
        <depth>3</depth>
    </size>
    <segmented>0</segmented>
    <object>
    <name>mouse</name>
    <pose>Unspecified</pose>
    <truncated>0</truncated>
    <difficult>0</difficult>
    <bndbox>
        <xmin>45.51541850220264</xmin>
        <ymin>81.65638766519824</ymin>
        <xmax>135.55947136563876</xmax>
        <ymax>158.13215859030836</ymax>
    </bndbox>
</object>
</annotation>
