<annotation verified="yes">
    <folder>Annotation</folder>
    <filename>mouse_4.jpg</filename>
    <path>MouseBottle-PascalVOC-export/Annotations/mouse_4.jpg</path>
    <source>
        <database>Unknown</database>
    </source>
    <size>
        <width>224</width>
        <height>224</height>
        <depth>3</depth>
    </size>
    <segmented>0</segmented>
    <object>
    <name>mouse</name>
    <pose>Unspecified</pose>
    <truncated>0</truncated>
    <difficult>0</difficult>
    <bndbox>
        <xmin>98.55506607929516</xmin>
        <ymin>56</ymin>
        <xmax>194.76651982378854</xmax>
        <ymax>161.09251101321587</ymax>
    </bndbox>
</object>
</annotation>
