<annotation verified="yes">
    <folder>Annotation</folder>
    <filename>mouse_2_19.jpg</filename>
    <path>Mouse_2-PascalVOC-export/Annotations/mouse_2_19.jpg</path>
    <source>
        <database>Unknown</database>
    </source>
    <size>
        <width>224</width>
        <height>224</height>
        <depth>3</depth>
    </size>
    <segmented>0</segmented>
    <object>
    <name>mouse</name>
    <pose>Unspecified</pose>
    <truncated>0</truncated>
    <difficult>0</difficult>
    <bndbox>
        <xmin>92.38766519823788</xmin>
        <ymin>91.77092511013215</ymin>
        <xmax>177.74449339207047</xmax>
        <ymax>148.26431718061673</ymax>
    </bndbox>
</object>
</annotation>
