<annotation verified="yes">
    <folder>Annotation</folder>
    <filename>mouse_43.jpg</filename>
    <path>MouseBottle-PascalVOC-export/Annotations/mouse_43.jpg</path>
    <source>
        <database>Unknown</database>
    </source>
    <size>
        <width>224</width>
        <height>224</height>
        <depth>3</depth>
    </size>
    <segmented>0</segmented>
    <object>
    <name>mouse</name>
    <pose>Unspecified</pose>
    <truncated>0</truncated>
    <difficult>0</difficult>
    <bndbox>
        <xmin>62.04405286343612</xmin>
        <ymin>89.30396475770925</ymin>
        <xmax>163.9295154185022</xmax>
        <ymax>167.25991189427313</ymax>
    </bndbox>
</object>
</annotation>
