<annotation verified="yes">
    <folder>Annotation</folder>
    <filename>mouse_45.jpg</filename>
    <path>MouseBottle-PascalVOC-export/Annotations/mouse_45.jpg</path>
    <source>
        <database>Unknown</database>
    </source>
    <size>
        <width>224</width>
        <height>224</height>
        <depth>3</depth>
    </size>
    <segmented>0</segmented>
    <object>
    <name>mouse</name>
    <pose>Unspecified</pose>
    <truncated>0</truncated>
    <difficult>0</difficult>
    <bndbox>
        <xmin>81.2863436123348</xmin>
        <ymin>73.51541850220265</ymin>
        <xmax>155.29515418502203</xmax>
        <ymax>178.11453744493394</ymax>
    </bndbox>
</object>
</annotation>
