<annotation verified="yes">
    <folder>Annotation</folder>
    <filename>mouse_2_36.jpg</filename>
    <path>Mouse_2-PascalVOC-export/Annotations/mouse_2_36.jpg</path>
    <source>
        <database>Unknown</database>
    </source>
    <size>
        <width>224</width>
        <height>224</height>
        <depth>3</depth>
    </size>
    <segmented>0</segmented>
    <object>
    <name>mouse</name>
    <pose>Unspecified</pose>
    <truncated>0</truncated>
    <difficult>0</difficult>
    <bndbox>
        <xmin>84.98678414096916</xmin>
        <ymin>86.59030837004406</ymin>
        <xmax>151.84140969162996</xmax>
        <ymax>140.12334801762114</ymax>
    </bndbox>
</object>
</annotation>
