<annotation verified="yes">
    <folder>Annotation</folder>
    <filename>mouse_2_75.jpg</filename>
    <path>Mouse_2-PascalVOC-export/Annotations/mouse_2_75.jpg</path>
    <source>
        <database>Unknown</database>
    </source>
    <size>
        <width>224</width>
        <height>224</height>
        <depth>3</depth>
    </size>
    <segmented>0</segmented>
    <object>
    <name>mouse</name>
    <pose>Unspecified</pose>
    <truncated>0</truncated>
    <difficult>0</difficult>
    <bndbox>
        <xmin>90.90748898678414</xmin>
        <ymin>61.67400881057269</ymin>
        <xmax>166.14977973568284</xmax>
        <ymax>171.45374449339207</ymax>
    </bndbox>
</object>
</annotation>
