<annotation verified="yes">
    <folder>Annotation</folder>
    <filename>mouse_2_110.jpg</filename>
    <path>Mouse_2-PascalVOC-export/Annotations/mouse_2_110.jpg</path>
    <source>
        <database>Unknown</database>
    </source>
    <size>
        <width>224</width>
        <height>224</height>
        <depth>3</depth>
    </size>
    <segmented>0</segmented>
    <object>
    <name>mouse</name>
    <pose>Unspecified</pose>
    <truncated>0</truncated>
    <difficult>0</difficult>
    <bndbox>
        <xmin>111.87665198237886</xmin>
        <ymin>115.70044052863436</ymin>
        <xmax>182.92511013215858</xmax>
        <ymax>169.48017621145374</ymax>
    </bndbox>
</object>
</annotation>
