<annotation verified="yes">
    <folder>Annotation</folder>
    <filename>mouse_2_23.jpg</filename>
    <path>Mouse_2-PascalVOC-export/Annotations/mouse_2_23.jpg</path>
    <source>
        <database>Unknown</database>
    </source>
    <size>
        <width>224</width>
        <height>224</height>
        <depth>3</depth>
    </size>
    <segmented>0</segmented>
    <object>
    <name>mouse</name>
    <pose>Unspecified</pose>
    <truncated>0</truncated>
    <difficult>0</difficult>
    <bndbox>
        <xmin>46.25550660792952</xmin>
        <ymin>87.57709251101322</ymin>
        <xmax>131.36563876651982</xmax>
        <ymax>164.05286343612335</ymax>
    </bndbox>
</object>
</annotation>
