<annotation verified="yes">
    <folder>Annotation</folder>
    <filename>mouse_103.jpg</filename>
    <path>MouseBottle-PascalVOC-export/Annotations/mouse_103.jpg</path>
    <source>
        <database>Unknown</database>
    </source>
    <size>
        <width>224</width>
        <height>224</height>
        <depth>3</depth>
    </size>
    <segmented>0</segmented>
    <object>
    <name>mouse</name>
    <pose>Unspecified</pose>
    <truncated>0</truncated>
    <difficult>0</difficult>
    <bndbox>
        <xmin>119.03083700440529</xmin>
        <ymin>77.70925110132158</ymin>
        <xmax>173.55066079295153</xmax>
        <ymax>132.22907488986783</ymax>
    </bndbox>
</object>
</annotation>
