<annotation verified="yes">
    <folder>Annotation</folder>
    <filename>mouse_2_69.jpg</filename>
    <path>Mouse_2-PascalVOC-export/Annotations/mouse_2_69.jpg</path>
    <source>
        <database>Unknown</database>
    </source>
    <size>
        <width>224</width>
        <height>224</height>
        <depth>3</depth>
    </size>
    <segmented>0</segmented>
    <object>
    <name>mouse</name>
    <pose>Unspecified</pose>
    <truncated>0</truncated>
    <difficult>0</difficult>
    <bndbox>
        <xmin>79.55947136563877</xmin>
        <ymin>126.30837004405286</ymin>
        <xmax>129.3920704845815</xmax>
        <ymax>181.3215859030837</ymax>
    </bndbox>
</object>
</annotation>
