<annotation verified="yes">
    <folder>Annotation</folder>
    <filename>mouse_2_98.jpg</filename>
    <path>Mouse_2-PascalVOC-export/Annotations/mouse_2_98.jpg</path>
    <source>
        <database>Unknown</database>
    </source>
    <size>
        <width>224</width>
        <height>224</height>
        <depth>3</depth>
    </size>
    <segmented>0</segmented>
    <object>
    <name>mouse</name>
    <pose>Unspecified</pose>
    <truncated>0</truncated>
    <difficult>0</difficult>
    <bndbox>
        <xmin>109.40969162995594</xmin>
        <ymin>71.54185022026432</ymin>
        <xmax>182.6784140969163</xmax>
        <ymax>158.1321585903084</ymax>
    </bndbox>
</object>
</annotation>
