<annotation verified="yes">
    <folder>Annotation</folder>
    <filename>mouse_2_9.jpg</filename>
    <path>Mouse_2-PascalVOC-export/Annotations/mouse_2_9.jpg</path>
    <source>
        <database>Unknown</database>
    </source>
    <size>
        <width>224</width>
        <height>224</height>
        <depth>3</depth>
    </size>
    <segmented>0</segmented>
    <object>
    <name>mouse</name>
    <pose>Unspecified</pose>
    <truncated>0</truncated>
    <difficult>0</difficult>
    <bndbox>
        <xmin>65.00440528634361</xmin>
        <ymin>105.33920704845815</ymin>
        <xmax>138.27312775330398</xmax>
        <ymax>168.24669603524228</ymax>
    </bndbox>
</object>
</annotation>
