<annotation verified="yes">
    <folder>Annotation</folder>
    <filename>mouse_2_51.jpg</filename>
    <path>Mouse_2-PascalVOC-export/Annotations/mouse_2_51.jpg</path>
    <source>
        <database>Unknown</database>
    </source>
    <size>
        <width>224</width>
        <height>224</height>
        <depth>3</depth>
    </size>
    <segmented>0</segmented>
    <object>
    <name>mouse</name>
    <pose>Unspecified</pose>
    <truncated>0</truncated>
    <difficult>0</difficult>
    <bndbox>
        <xmin>115.08370044052863</xmin>
        <ymin>103.11894273127753</ymin>
        <xmax>165.16299559471366</xmax>
        <ymax>144.56387665198238</ymax>
    </bndbox>
</object>
</annotation>
