<annotation verified="yes">
    <folder>Annotation</folder>
    <filename>mouse_2_112.jpg</filename>
    <path>Mouse_2-PascalVOC-export/Annotations/mouse_2_112.jpg</path>
    <source>
        <database>Unknown</database>
    </source>
    <size>
        <width>224</width>
        <height>224</height>
        <depth>3</depth>
    </size>
    <segmented>0</segmented>
    <object>
    <name>mouse</name>
    <pose>Unspecified</pose>
    <truncated>0</truncated>
    <difficult>0</difficult>
    <bndbox>
        <xmin>52.42290748898679</xmin>
        <ymin>127.04845814977973</ymin>
        <xmax>135.31277533039648</xmax>
        <ymax>195.13656387665196</ymax>
    </bndbox>
</object>
</annotation>
