<annotation verified="yes">
    <folder>Annotation</folder>
    <filename>mouse_2_42.jpg</filename>
    <path>Mouse_2-PascalVOC-export/Annotations/mouse_2_42.jpg</path>
    <source>
        <database>Unknown</database>
    </source>
    <size>
        <width>224</width>
        <height>224</height>
        <depth>3</depth>
    </size>
    <segmented>0</segmented>
    <object>
    <name>mouse</name>
    <pose>Unspecified</pose>
    <truncated>0</truncated>
    <difficult>0</difficult>
    <bndbox>
        <xmin>75.61233480176212</xmin>
        <ymin>100.15859030837005</ymin>
        <xmax>137.03964757709252</xmax>
        <ymax>176.3876651982379</ymax>
    </bndbox>
</object>
</annotation>
