<annotation verified="yes">
    <folder>Annotation</folder>
    <filename>mouse_30.jpg</filename>
    <path>MouseBottle-PascalVOC-export/Annotations/mouse_30.jpg</path>
    <source>
        <database>Unknown</database>
    </source>
    <size>
        <width>224</width>
        <height>224</height>
        <depth>3</depth>
    </size>
    <segmented>0</segmented>
    <object>
    <name>mouse</name>
    <pose>Unspecified</pose>
    <truncated>0</truncated>
    <difficult>0</difficult>
    <bndbox>
        <xmin>55.38325991189427</xmin>
        <ymin>89.79735682819383</ymin>
        <xmax>113.60352422907488</xmax>
        <ymax>148.75770925110132</ymax>
    </bndbox>
</object>
</annotation>
