<annotation verified="yes">
    <folder>Annotation</folder>
    <filename>mouse_53.jpg</filename>
    <path>MouseBottle-PascalVOC-export/Annotations/mouse_53.jpg</path>
    <source>
        <database>Unknown</database>
    </source>
    <size>
        <width>224</width>
        <height>224</height>
        <depth>3</depth>
    </size>
    <segmented>0</segmented>
    <object>
    <name>mouse</name>
    <pose>Unspecified</pose>
    <truncated>0</truncated>
    <difficult>0</difficult>
    <bndbox>
        <xmin>105.95594713656388</xmin>
        <ymin>141.3568281938326</ymin>
        <xmax>149.86784140969164</xmax>
        <ymax>180.08810572687224</ymax>
    </bndbox>
</object>
</annotation>
