<annotation verified="yes">
    <folder>Annotation</folder>
    <filename>mouse_2_53.jpg</filename>
    <path>Mouse_2-PascalVOC-export/Annotations/mouse_2_53.jpg</path>
    <source>
        <database>Unknown</database>
    </source>
    <size>
        <width>224</width>
        <height>224</height>
        <depth>3</depth>
    </size>
    <segmented>0</segmented>
    <object>
    <name>mouse</name>
    <pose>Unspecified</pose>
    <truncated>0</truncated>
    <difficult>0</difficult>
    <bndbox>
        <xmin>90.66079295154185</xmin>
        <ymin>68.82819383259913</ymin>
        <xmax>147.64757709251103</xmax>
        <ymax>96.70484581497799</ymax>
    </bndbox>
</object>
</annotation>
