<annotation verified="yes">
    <folder>Annotation</folder>
    <filename>mouse_71.jpg</filename>
    <path>MouseBottle-PascalVOC-export/Annotations/mouse_71.jpg</path>
    <source>
        <database>Unknown</database>
    </source>
    <size>
        <width>224</width>
        <height>224</height>
        <depth>3</depth>
    </size>
    <segmented>0</segmented>
    <object>
    <name>mouse</name>
    <pose>Unspecified</pose>
    <truncated>0</truncated>
    <difficult>0</difficult>
    <bndbox>
        <xmin>104.22907488986785</xmin>
        <ymin>119.64757709251101</ymin>
        <xmax>129.6387665198238</xmax>
        <ymax>139.87665198237886</ymax>
    </bndbox>
</object>
</annotation>
