<annotation verified="yes">
    <folder>Annotation</folder>
    <filename>mouse_2_101.jpg</filename>
    <path>Mouse_2-PascalVOC-export/Annotations/mouse_2_101.jpg</path>
    <source>
        <database>Unknown</database>
    </source>
    <size>
        <width>224</width>
        <height>224</height>
        <depth>3</depth>
    </size>
    <segmented>0</segmented>
    <object>
    <name>mouse</name>
    <pose>Unspecified</pose>
    <truncated>0</truncated>
    <difficult>0</difficult>
    <bndbox>
        <xmin>80.05286343612335</xmin>
        <ymin>54.519823788546255</ymin>
        <xmax>140</xmax>
        <ymax>152.4581497797357</ymax>
    </bndbox>
</object>
</annotation>
