<annotation verified="yes">
    <folder>Annotation</folder>
    <filename>mouse_2_2.jpg</filename>
    <path>Mouse_2-PascalVOC-export/Annotations/mouse_2_2.jpg</path>
    <source>
        <database>Unknown</database>
    </source>
    <size>
        <width>224</width>
        <height>224</height>
        <depth>3</depth>
    </size>
    <segmented>0</segmented>
    <object>
    <name>mouse</name>
    <pose>Unspecified</pose>
    <truncated>0</truncated>
    <difficult>0</difficult>
    <bndbox>
        <xmin>44.52863436123348</xmin>
        <ymin>29.60352422907489</ymin>
        <xmax>130.62555066079295</xmax>
        <ymax>98.6784140969163</ymax>
    </bndbox>
</object>
</annotation>
