<annotation verified="yes">
    <folder>Annotation</folder>
    <filename>mouse_2_46.jpg</filename>
    <path>Mouse_2-PascalVOC-export/Annotations/mouse_2_46.jpg</path>
    <source>
        <database>Unknown</database>
    </source>
    <size>
        <width>224</width>
        <height>224</height>
        <depth>3</depth>
    </size>
    <segmented>0</segmented>
    <object>
    <name>mouse</name>
    <pose>Unspecified</pose>
    <truncated>0</truncated>
    <difficult>0</difficult>
    <bndbox>
        <xmin>80.54625550660793</xmin>
        <ymin>107.31277533039648</ymin>
        <xmax>140.24669603524228</xmax>
        <ymax>151.9647577092511</ymax>
    </bndbox>
</object>
</annotation>
