<annotation verified="yes">
    <folder>Annotation</folder>
    <filename>mouse_2_103.jpg</filename>
    <path>Mouse_2-PascalVOC-export/Annotations/mouse_2_103.jpg</path>
    <source>
        <database>Unknown</database>
    </source>
    <size>
        <width>224</width>
        <height>224</height>
        <depth>3</depth>
    </size>
    <segmented>0</segmented>
    <object>
    <name>mouse</name>
    <pose>Unspecified</pose>
    <truncated>0</truncated>
    <difficult>0</difficult>
    <bndbox>
        <xmin>108.91629955947137</xmin>
        <ymin>103.11894273127753</ymin>
        <xmax>142.7136563876652</xmax>
        <ymax>131.73568281938324</ymax>
    </bndbox>
</object>
</annotation>
