<annotation verified="yes">
    <folder>Annotation</folder>
    <filename>mouse_2_78.jpg</filename>
    <path>Mouse_2-PascalVOC-export/Annotations/mouse_2_78.jpg</path>
    <source>
        <database>Unknown</database>
    </source>
    <size>
        <width>224</width>
        <height>224</height>
        <depth>3</depth>
    </size>
    <segmented>0</segmented>
    <object>
    <name>mouse</name>
    <pose>Unspecified</pose>
    <truncated>0</truncated>
    <difficult>0</difficult>
    <bndbox>
        <xmin>58.096916299559474</xmin>
        <ymin>80.42290748898678</ymin>
        <xmax>165.65638766519825</xmax>
        <ymax>136.91629955947135</ymax>
    </bndbox>
</object>
</annotation>
