<annotation verified="yes">
    <folder>Annotation</folder>
    <filename>mouse_2_61.jpg</filename>
    <path>Mouse_2-PascalVOC-export/Annotations/mouse_2_61.jpg</path>
    <source>
        <database>Unknown</database>
    </source>
    <size>
        <width>224</width>
        <height>224</height>
        <depth>3</depth>
    </size>
    <segmented>0</segmented>
    <object>
    <name>mouse</name>
    <pose>Unspecified</pose>
    <truncated>0</truncated>
    <difficult>0</difficult>
    <bndbox>
        <xmin>74.87224669603525</xmin>
        <ymin>107.55947136563877</ymin>
        <xmax>169.11013215859032</xmax>
        <ymax>168.98678414096918</ymax>
    </bndbox>
</object>
</annotation>
