<annotation verified="yes">
    <folder>Annotation</folder>
    <filename>mouse_65.jpg</filename>
    <path>MouseBottle-PascalVOC-export/Annotations/mouse_65.jpg</path>
    <source>
        <database>Unknown</database>
    </source>
    <size>
        <width>224</width>
        <height>224</height>
        <depth>3</depth>
    </size>
    <segmented>0</segmented>
    <object>
    <name>mouse</name>
    <pose>Unspecified</pose>
    <truncated>0</truncated>
    <difficult>0</difficult>
    <bndbox>
        <xmin>110.14977973568283</xmin>
        <ymin>81.90308370044053</ymin>
        <xmax>171.57709251101323</xmax>
        <ymax>110.51982378854626</ymax>
    </bndbox>
</object>
</annotation>
