<annotation verified="yes">
    <folder>Annotation</folder>
    <filename>mouse_2_49.jpg</filename>
    <path>Mouse_2-PascalVOC-export/Annotations/mouse_2_49.jpg</path>
    <source>
        <database>Unknown</database>
    </source>
    <size>
        <width>224</width>
        <height>224</height>
        <depth>3</depth>
    </size>
    <segmented>0</segmented>
    <object>
    <name>mouse</name>
    <pose>Unspecified</pose>
    <truncated>0</truncated>
    <difficult>0</difficult>
    <bndbox>
        <xmin>90.90748898678414</xmin>
        <ymin>58.46696035242291</ymin>
        <xmax>176.75770925110135</xmax>
        <ymax>98.6784140969163</ymax>
    </bndbox>
</object>
</annotation>
