<annotation verified="yes">
    <folder>Annotation</folder>
    <filename>mouse_2_95.jpg</filename>
    <path>Mouse_2-PascalVOC-export/Annotations/mouse_2_95.jpg</path>
    <source>
        <database>Unknown</database>
    </source>
    <size>
        <width>224</width>
        <height>224</height>
        <depth>3</depth>
    </size>
    <segmented>0</segmented>
    <object>
    <name>mouse</name>
    <pose>Unspecified</pose>
    <truncated>0</truncated>
    <difficult>0</difficult>
    <bndbox>
        <xmin>102.7488986784141</xmin>
        <ymin>79.18942731277534</ymin>
        <xmax>187.1189427312775</xmax>
        <ymax>157.14537444933922</ymax>
    </bndbox>
</object>
</annotation>
