<annotation verified="yes">
    <folder>Annotation</folder>
    <filename>mouse_86.jpg</filename>
    <path>MouseBottle-PascalVOC-export/Annotations/mouse_86.jpg</path>
    <source>
        <database>Unknown</database>
    </source>
    <size>
        <width>224</width>
        <height>224</height>
        <depth>3</depth>
    </size>
    <segmented>0</segmented>
    <object>
    <name>mouse</name>
    <pose>Unspecified</pose>
    <truncated>0</truncated>
    <difficult>0</difficult>
    <bndbox>
        <xmin>48.969162995594715</xmin>
        <ymin>68.82819383259913</ymin>
        <xmax>155.54185022026434</xmax>
        <ymax>132.96916299559473</ymax>
    </bndbox>
</object>
</annotation>
