<annotation verified="yes">
    <folder>Annotation</folder>
    <filename>mouse_76.jpg</filename>
    <path>MouseBottle-PascalVOC-export/Annotations/mouse_76.jpg</path>
    <source>
        <database>Unknown</database>
    </source>
    <size>
        <width>224</width>
        <height>224</height>
        <depth>3</depth>
    </size>
    <segmented>0</segmented>
    <object>
    <name>mouse</name>
    <pose>Unspecified</pose>
    <truncated>0</truncated>
    <difficult>0</difficult>
    <bndbox>
        <xmin>24.05286343612335</xmin>
        <ymin>109.03964757709251</ymin>
        <xmax>73.63876651982379</xmax>
        <ymax>134.69603524229075</ymax>
    </bndbox>
</object><object>
    <name>bottle</name>
    <pose>Unspecified</pose>
    <truncated>0</truncated>
    <difficult>0</difficult>
    <bndbox>
        <xmin>90.66079295154185</xmin>
        <ymin>42.92511013215859</ymin>
        <xmax>121.74449339207048</xmax>
        <ymax>112</ymax>
    </bndbox>
</object>
</annotation>
