<annotation verified="yes">
    <folder>Annotation</folder>
    <filename>mouse_59.jpg</filename>
    <path>MouseBottle-PascalVOC-export/Annotations/mouse_59.jpg</path>
    <source>
        <database>Unknown</database>
    </source>
    <size>
        <width>224</width>
        <height>224</height>
        <depth>3</depth>
    </size>
    <segmented>0</segmented>
    <object>
    <name>bottle</name>
    <pose>Unspecified</pose>
    <truncated>0</truncated>
    <difficult>0</difficult>
    <bndbox>
        <xmin>62.784140969163</xmin>
        <ymin>36.01762114537445</ymin>
        <xmax>103.98237885462555</xmax>
        <ymax>151.71806167400882</ymax>
    </bndbox>
</object><object>
    <name>mouse</name>
    <pose>Unspecified</pose>
    <truncated>0</truncated>
    <difficult>0</difficult>
    <bndbox>
        <xmin>104.22907488986785</xmin>
        <ymin>125.81497797356829</ymin>
        <xmax>168.12334801762114</xmax>
        <ymax>154.43171806167402</ymax>
    </bndbox>
</object>
</annotation>
