<annotation verified="yes">
    <folder>Annotation</folder>
    <filename>mouse_2_92.jpg</filename>
    <path>Mouse_2-PascalVOC-export/Annotations/mouse_2_92.jpg</path>
    <source>
        <database>Unknown</database>
    </source>
    <size>
        <width>224</width>
        <height>224</height>
        <depth>3</depth>
    </size>
    <segmented>0</segmented>
    <object>
    <name>mouse</name>
    <pose>Unspecified</pose>
    <truncated>0</truncated>
    <difficult>0</difficult>
    <bndbox>
        <xmin>46.008810572687224</xmin>
        <ymin>81.65638766519824</ymin>
        <xmax>124.70484581497797</xmax>
        <ymax>121.62114537444934</ymax>
    </bndbox>
</object>
</annotation>
