<annotation verified="yes">
    <folder>Annotation</folder>
    <filename>mouse_39.jpg</filename>
    <path>MouseBottle-PascalVOC-export/Annotations/mouse_39.jpg</path>
    <source>
        <database>Unknown</database>
    </source>
    <size>
        <width>224</width>
        <height>224</height>
        <depth>3</depth>
    </size>
    <segmented>0</segmented>
    <object>
    <name>mouse</name>
    <pose>Unspecified</pose>
    <truncated>0</truncated>
    <difficult>0</difficult>
    <bndbox>
        <xmin>61.797356828193834</xmin>
        <ymin>73.51541850220265</ymin>
        <xmax>129.6387665198238</xmax>
        <ymax>141.11013215859032</ymax>
    </bndbox>
</object>
</annotation>
