<annotation verified="yes">
    <folder>Annotation</folder>
    <filename>mouse_15.jpg</filename>
    <path>MouseBottle-PascalVOC-export/Annotations/mouse_15.jpg</path>
    <source>
        <database>Unknown</database>
    </source>
    <size>
        <width>224</width>
        <height>224</height>
        <depth>3</depth>
    </size>
    <segmented>0</segmented>
    <object>
    <name>mouse</name>
    <pose>Unspecified</pose>
    <truncated>0</truncated>
    <difficult>0</difficult>
    <bndbox>
        <xmin>75.36563876651982</xmin>
        <ymin>108.54625550660793</ymin>
        <xmax>143.45374449339207</xmax>
        <ymax>166.51982378854626</ymax>
    </bndbox>
</object>
</annotation>
