<annotation verified="yes">
    <folder>Annotation</folder>
    <filename>mouse_2_64.jpg</filename>
    <path>Mouse_2-PascalVOC-export/Annotations/mouse_2_64.jpg</path>
    <source>
        <database>Unknown</database>
    </source>
    <size>
        <width>224</width>
        <height>224</height>
        <depth>3</depth>
    </size>
    <segmented>0</segmented>
    <object>
    <name>mouse</name>
    <pose>Unspecified</pose>
    <truncated>0</truncated>
    <difficult>0</difficult>
    <bndbox>
        <xmin>91.64757709251101</xmin>
        <ymin>97.44493392070484</ymin>
        <xmax>160.22907488986783</xmax>
        <ymax>163.55947136563876</ymax>
    </bndbox>
</object>
</annotation>
