<annotation verified="yes">
    <folder>Annotation</folder>
    <filename>mouse_81.jpg</filename>
    <path>MouseBottle-PascalVOC-export/Annotations/mouse_81.jpg</path>
    <source>
        <database>Unknown</database>
    </source>
    <size>
        <width>224</width>
        <height>224</height>
        <depth>3</depth>
    </size>
    <segmented>0</segmented>
    <object>
    <name>mouse</name>
    <pose>Unspecified</pose>
    <truncated>0</truncated>
    <difficult>0</difficult>
    <bndbox>
        <xmin>87.20704845814979</xmin>
        <ymin>65.86784140969164</ymin>
        <xmax>140.98678414096918</xmax>
        <ymax>102.13215859030838</ymax>
    </bndbox>
</object>
</annotation>
