<annotation verified="yes">
    <folder>Annotation</folder>
    <filename>mouse_2_14.jpg</filename>
    <path>Mouse_2-PascalVOC-export/Annotations/mouse_2_14.jpg</path>
    <source>
        <database>Unknown</database>
    </source>
    <size>
        <width>224</width>
        <height>224</height>
        <depth>3</depth>
    </size>
    <segmented>0</segmented>
    <object>
    <name>mouse</name>
    <pose>Unspecified</pose>
    <truncated>0</truncated>
    <difficult>0</difficult>
    <bndbox>
        <xmin>90.16740088105728</xmin>
        <ymin>84.86343612334802</ymin>
        <xmax>141.97356828193833</xmax>
        <ymax>148.26431718061673</ymax>
    </bndbox>
</object>
</annotation>
