<annotation verified="yes">
    <folder>Annotation</folder>
    <filename>mouse_2_25.jpg</filename>
    <path>Mouse_2-PascalVOC-export/Annotations/mouse_2_25.jpg</path>
    <source>
        <database>Unknown</database>
    </source>
    <size>
        <width>224</width>
        <height>224</height>
        <depth>3</depth>
    </size>
    <segmented>0</segmented>
    <object>
    <name>mouse</name>
    <pose>Unspecified</pose>
    <truncated>0</truncated>
    <difficult>0</difficult>
    <bndbox>
        <xmin>76.10572687224669</xmin>
        <ymin>75.98237885462555</ymin>
        <xmax>133.33920704845815</xmax>
        <ymax>146.04405286343612</ymax>
    </bndbox>
</object>
</annotation>
