<annotation verified="yes">
    <folder>Annotation</folder>
    <filename>mouse_2_10.jpg</filename>
    <path>Mouse_2-PascalVOC-export/Annotations/mouse_2_10.jpg</path>
    <source>
        <database>Unknown</database>
    </source>
    <size>
        <width>224</width>
        <height>224</height>
        <depth>3</depth>
    </size>
    <segmented>0</segmented>
    <object>
    <name>mouse</name>
    <pose>Unspecified</pose>
    <truncated>0</truncated>
    <difficult>0</difficult>
    <bndbox>
        <xmin>44.28193832599119</xmin>
        <ymin>86.83700440528635</ymin>
        <xmax>135.80616740088107</xmax>
        <ymax>143.57709251101323</ymax>
    </bndbox>
</object>
</annotation>
