<annotation verified="yes">
    <folder>Annotation</folder>
    <filename>mouse_2_59.jpg</filename>
    <path>Mouse_2-PascalVOC-export/Annotations/mouse_2_59.jpg</path>
    <source>
        <database>Unknown</database>
    </source>
    <size>
        <width>224</width>
        <height>224</height>
        <depth>3</depth>
    </size>
    <segmented>0</segmented>
    <object>
    <name>mouse</name>
    <pose>Unspecified</pose>
    <truncated>0</truncated>
    <difficult>0</difficult>
    <bndbox>
        <xmin>104.22907488986785</xmin>
        <ymin>80.42290748898678</ymin>
        <xmax>163.18942731277534</xmax>
        <ymax>169.23348017621146</ymax>
    </bndbox>
</object>
</annotation>
