<annotation verified="yes">
    <folder>Annotation</folder>
    <filename>bottle_v3_131.jpg</filename>
    <path>Bottle_V3-PascalVOC-export/Annotations/bottle_v3_131.jpg</path>
    <source>
        <database>Unknown</database>
    </source>
    <size>
        <width>224</width>
        <height>224</height>
        <depth>3</depth>
    </size>
    <segmented>0</segmented>
    <object>
    <name>bottle</name>
    <pose>Unspecified</pose>
    <truncated>0</truncated>
    <difficult>0</difficult>
    <bndbox>
        <xmin>64.36199095022624</xmin>
        <ymin>44.09049773755656</ymin>
        <xmax>120.61538461538461</xmax>
        <ymax>196.6334841628959</ymax>
    </bndbox>
</object>
</annotation>
