<annotation verified="yes">
    <folder>Annotation</folder>
    <filename>bottle_17.jpg</filename>
    <path>Bottle_v2-PascalVOC-export/Annotations/bottle_17.jpg</path>
    <source>
        <database>Unknown</database>
    </source>
    <size>
        <width>320</width>
        <height>240</height>
        <depth>3</depth>
    </size>
    <segmented>0</segmented>
    <object>
    <name>bottle</name>
    <pose>Unspecified</pose>
    <truncated>0</truncated>
    <difficult>0</difficult>
    <bndbox>
        <xmin>200.21699819168174</xmin>
        <ymin>49.373493975903614</ymin>
        <xmax>219.3128390596745</xmax>
        <ymax>92.16867469879517</ymax>
    </bndbox>
</object>
</annotation>
