<annotation verified="yes">
    <folder>Annotation</folder>
    <filename>bottle_86.jpg</filename>
    <path>Bottle_v2-PascalVOC-export/Annotations/bottle_86.jpg</path>
    <source>
        <database>Unknown</database>
    </source>
    <size>
        <width>320</width>
        <height>240</height>
        <depth>3</depth>
    </size>
    <segmented>0</segmented>
    <object>
    <name>bottle</name>
    <pose>Unspecified</pose>
    <truncated>0</truncated>
    <difficult>0</difficult>
    <bndbox>
        <xmin>85.64195298372513</xmin>
        <ymin>50.53012048192771</ymin>
        <xmax>139.45750452079565</xmax>
        <ymax>178.33734939759034</ymax>
    </bndbox>
</object>
</annotation>
