<annotation verified="yes">
    <folder>Annotation</folder>
    <filename>bottle_51.jpg</filename>
    <path>Bottle_v2-PascalVOC-export/Annotations/bottle_51.jpg</path>
    <source>
        <database>Unknown</database>
    </source>
    <size>
        <width>320</width>
        <height>240</height>
        <depth>3</depth>
    </size>
    <segmented>0</segmented>
    <object>
    <name>bottle</name>
    <pose>Unspecified</pose>
    <truncated>0</truncated>
    <difficult>0</difficult>
    <bndbox>
        <xmin>91.42857142857143</xmin>
        <ymin>102</ymin>
        <xmax>107.63110307414105</xmax>
        <ymax>148.8433734939759</ymax>
    </bndbox>
</object>
</annotation>
