<annotation verified="yes">
    <folder>Annotation</folder>
    <filename>bottle_v3_151.jpg</filename>
    <path>Bottle_V3-PascalVOC-export/Annotations/bottle_v3_151.jpg</path>
    <source>
        <database>Unknown</database>
    </source>
    <size>
        <width>224</width>
        <height>224</height>
        <depth>3</depth>
    </size>
    <segmented>0</segmented>
    <object>
    <name>bottle</name>
    <pose>Unspecified</pose>
    <truncated>0</truncated>
    <difficult>0</difficult>
    <bndbox>
        <xmin>84.12669683257919</xmin>
        <ymin>48.65158371040724</ymin>
        <xmax>147.98190045248867</xmax>
        <ymax>191.05882352941177</ymax>
    </bndbox>
</object>
</annotation>
