<annotation verified="yes">
    <folder>Annotation</folder>
    <filename>bottle_02.jpg</filename>
    <path>Bottle_v2-PascalVOC-export/Annotations/bottle_02.jpg</path>
    <source>
        <database>Unknown</database>
    </source>
    <size>
        <width>320</width>
        <height>240</height>
        <depth>3</depth>
    </size>
    <segmented>0</segmented>
    <object>
    <name>bottle</name>
    <pose>Unspecified</pose>
    <truncated>0</truncated>
    <difficult>0</difficult>
    <bndbox>
        <xmin>107.63110307414105</xmin>
        <ymin>67.87951807228916</ymin>
        <xmax>157.9746835443038</xmax>
        <ymax>209.56626506024097</ymax>
    </bndbox>
</object>
</annotation>
