<annotation verified="yes">
    <folder>Annotation</folder>
    <filename>bottle_19.jpg</filename>
    <path>Bottle_v2-PascalVOC-export/Annotations/bottle_19.jpg</path>
    <source>
        <database>Unknown</database>
    </source>
    <size>
        <width>320</width>
        <height>240</height>
        <depth>3</depth>
    </size>
    <segmented>0</segmented>
    <object>
    <name>bottle</name>
    <pose>Unspecified</pose>
    <truncated>0</truncated>
    <difficult>0</difficult>
    <bndbox>
        <xmin>117.46835443037975</xmin>
        <ymin>92.74698795180723</ymin>
        <xmax>152.76672694394213</xmax>
        <ymax>194.53012048192772</ymax>
    </bndbox>
</object>
</annotation>
