<annotation verified="yes">
    <folder>Annotation</folder>
    <filename>bottle_v3_373.jpg</filename>
    <path>Bottle_V3-PascalVOC-export/Annotations/bottle_v3_373.jpg</path>
    <source>
        <database>Unknown</database>
    </source>
    <size>
        <width>224</width>
        <height>224</height>
        <depth>3</depth>
    </size>
    <segmented>0</segmented>
    <object>
    <name>bottle</name>
    <pose>Unspecified</pose>
    <truncated>0</truncated>
    <difficult>0</difficult>
    <bndbox>
        <xmin>59.29411764705882</xmin>
        <ymin>9.628959276018099</ymin>
        <xmax>126.19004524886876</xmax>
        <ymax>207.78280542986423</ymax>
    </bndbox>
</object>
</annotation>
