<annotation verified="yes">
    <folder>Annotation</folder>
    <filename>bottle_v3_343.jpg</filename>
    <path>Bottle_V3-PascalVOC-export/Annotations/bottle_v3_343.jpg</path>
    <source>
        <database>Unknown</database>
    </source>
    <size>
        <width>224</width>
        <height>224</height>
        <depth>3</depth>
    </size>
    <segmented>0</segmented>
    <object>
    <name>bottle</name>
    <pose>Unspecified</pose>
    <truncated>0</truncated>
    <difficult>0</difficult>
    <bndbox>
        <xmin>73.4841628959276</xmin>
        <ymin>43.58371040723982</ymin>
        <xmax>133.7918552036199</xmax>
        <ymax>194.0995475113122</ymax>
    </bndbox>
</object>
</annotation>
