<annotation verified="yes">
    <folder>Annotation</folder>
    <filename>bottle_v3_41.jpg</filename>
    <path>Bottle_V3-PascalVOC-export/Annotations/bottle_v3_41.jpg</path>
    <source>
        <database>Unknown</database>
    </source>
    <size>
        <width>224</width>
        <height>224</height>
        <depth>3</depth>
    </size>
    <segmented>0</segmented>
    <object>
    <name>bottle</name>
    <pose>Unspecified</pose>
    <truncated>0</truncated>
    <difficult>0</difficult>
    <bndbox>
        <xmin>62.334841628959275</xmin>
        <ymin>7.095022624434389</ymin>
        <xmax>154.57013574660633</xmax>
        <ymax>224</ymax>
    </bndbox>
</object>
</annotation>
