<annotation verified="yes">
    <folder>Annotation</folder>
    <filename>bottle_v3_121.jpg</filename>
    <path>Bottle_V3-PascalVOC-export/Annotations/bottle_v3_121.jpg</path>
    <source>
        <database>Unknown</database>
    </source>
    <size>
        <width>224</width>
        <height>224</height>
        <depth>3</depth>
    </size>
    <segmented>0</segmented>
    <object>
    <name>bottle</name>
    <pose>Unspecified</pose>
    <truncated>0</truncated>
    <difficult>0</difficult>
    <bndbox>
        <xmin>74.49773755656108</xmin>
        <ymin>7.601809954751131</ymin>
        <xmax>142.40723981900453</xmax>
        <ymax>192.579185520362</ymax>
    </bndbox>
</object>
</annotation>
