<annotation verified="yes">
    <folder>Annotation</folder>
    <filename>bottle_v3_465.jpg</filename>
    <path>Bottle_V3-PascalVOC-export/Annotations/bottle_v3_465.jpg</path>
    <source>
        <database>Unknown</database>
    </source>
    <size>
        <width>224</width>
        <height>224</height>
        <depth>3</depth>
    </size>
    <segmented>0</segmented>
    <object>
    <name>bottle</name>
    <pose>Unspecified</pose>
    <truncated>0</truncated>
    <difficult>0</difficult>
    <bndbox>
        <xmin>81.59276018099547</xmin>
        <ymin>15.203619909502262</ymin>
        <xmax>147.98190045248867</xmax>
        <ymax>176.36199095022624</ymax>
    </bndbox>
</object>
</annotation>
