<annotation verified="yes">
    <folder>Annotation</folder>
    <filename>bottle_v3_281.jpg</filename>
    <path>Bottle_V3-PascalVOC-export/Annotations/bottle_v3_281.jpg</path>
    <source>
        <database>Unknown</database>
    </source>
    <size>
        <width>224</width>
        <height>224</height>
        <depth>3</depth>
    </size>
    <segmented>0</segmented>
    <object>
    <name>bottle</name>
    <pose>Unspecified</pose>
    <truncated>0</truncated>
    <difficult>0</difficult>
    <bndbox>
        <xmin>72.47058823529412</xmin>
        <ymin>69.9366515837104</ymin>
        <xmax>103.89140271493213</xmax>
        <ymax>139.36651583710406</ymax>
    </bndbox>
</object>
</annotation>
