<annotation verified="yes">
    <folder>Annotation</folder>
    <filename>bottle_187.jpg</filename>
    <path>Bottle_v2-PascalVOC-export/Annotations/bottle_187.jpg</path>
    <source>
        <database>Unknown</database>
    </source>
    <size>
        <width>320</width>
        <height>240</height>
        <depth>3</depth>
    </size>
    <segmented>0</segmented>
    <object>
    <name>bottle</name>
    <pose>Unspecified</pose>
    <truncated>0</truncated>
    <difficult>0</difficult>
    <bndbox>
        <xmin>156.81735985533456</xmin>
        <ymin>105.46987951807229</ymin>
        <xmax>197.32368896925863</xmax>
        <ymax>205.51807228915663</ymax>
    </bndbox>
</object>
</annotation>
