<annotation verified="yes">
    <folder>Annotation</folder>
    <filename>bottle_149.jpg</filename>
    <path>Bottle_v2-PascalVOC-export/Annotations/bottle_149.jpg</path>
    <source>
        <database>Unknown</database>
    </source>
    <size>
        <width>320</width>
        <height>240</height>
        <depth>3</depth>
    </size>
    <segmented>0</segmented>
    <object>
    <name>bottle</name>
    <pose>Unspecified</pose>
    <truncated>0</truncated>
    <difficult>0</difficult>
    <bndbox>
        <xmin>112.83905967450272</xmin>
        <ymin>89.85542168674698</ymin>
        <xmax>167.23327305605787</xmax>
        <ymax>198.57831325301203</ymax>
    </bndbox>
</object>
</annotation>
