<annotation verified="yes">
    <folder>Annotation</folder>
    <filename>bottle_25.jpg</filename>
    <path>Bottle_v2-PascalVOC-export/Annotations/bottle_25.jpg</path>
    <source>
        <database>Unknown</database>
    </source>
    <size>
        <width>320</width>
        <height>240</height>
        <depth>3</depth>
    </size>
    <segmented>0</segmented>
    <object>
    <name>bottle</name>
    <pose>Unspecified</pose>
    <truncated>0</truncated>
    <difficult>0</difficult>
    <bndbox>
        <xmin>107.63110307414105</xmin>
        <ymin>147.6867469879518</ymin>
        <xmax>131.93490054249548</xmax>
        <ymax>208.9879518072289</ymax>
    </bndbox>
</object>
</annotation>
