<annotation verified="yes">
    <folder>Annotation</folder>
    <filename>bottle_167.jpg</filename>
    <path>Bottle_v2-PascalVOC-export/Annotations/bottle_167.jpg</path>
    <source>
        <database>Unknown</database>
    </source>
    <size>
        <width>320</width>
        <height>240</height>
        <depth>3</depth>
    </size>
    <segmented>0</segmented>
    <object>
    <name>bottle</name>
    <pose>Unspecified</pose>
    <truncated>0</truncated>
    <difficult>0</difficult>
    <bndbox>
        <xmin>162.60397830018084</xmin>
        <ymin>45.325301204819276</ymin>
        <xmax>213.52622061482822</xmax>
        <ymax>189.90361445783134</ymax>
    </bndbox>
</object>
</annotation>
