<annotation verified="yes">
    <folder>Annotation</folder>
    <filename>bottle_v3_268.jpg</filename>
    <path>Bottle_V3-PascalVOC-export/Annotations/bottle_v3_268.jpg</path>
    <source>
        <database>Unknown</database>
    </source>
    <size>
        <width>224</width>
        <height>224</height>
        <depth>3</depth>
    </size>
    <segmented>0</segmented>
    <object>
    <name>bottle</name>
    <pose>Unspecified</pose>
    <truncated>0</truncated>
    <difficult>0</difficult>
    <bndbox>
        <xmin>88.68778280542986</xmin>
        <ymin>64.86877828054298</ymin>
        <xmax>141.9004524886878</xmax>
        <ymax>180.41628959276017</ymax>
    </bndbox>
</object>
</annotation>
