<annotation verified="yes">
    <folder>Annotation</folder>
    <filename>bottle_227.jpg</filename>
    <path>Bottle_v2-PascalVOC-export/Annotations/bottle_227.jpg</path>
    <source>
        <database>Unknown</database>
    </source>
    <size>
        <width>320</width>
        <height>240</height>
        <depth>3</depth>
    </size>
    <segmented>0</segmented>
    <object>
    <name>bottle</name>
    <pose>Unspecified</pose>
    <truncated>0</truncated>
    <difficult>0</difficult>
    <bndbox>
        <xmin>117.46835443037975</xmin>
        <ymin>32.602409638554214</ymin>
        <xmax>161.44665461121159</xmax>
        <ymax>133.80722891566265</ymax>
    </bndbox>
</object>
</annotation>
