<annotation verified="yes">
    <folder>Annotation</folder>
    <filename>bottle_v3_260.jpg</filename>
    <path>Bottle_V3-PascalVOC-export/Annotations/bottle_v3_260.jpg</path>
    <source>
        <database>Unknown</database>
    </source>
    <size>
        <width>224</width>
        <height>224</height>
        <depth>3</depth>
    </size>
    <segmented>0</segmented>
    <object>
    <name>bottle</name>
    <pose>Unspecified</pose>
    <truncated>0</truncated>
    <difficult>0</difficult>
    <bndbox>
        <xmin>80.07239819004525</xmin>
        <ymin>71.45701357466064</ymin>
        <xmax>133.7918552036199</xmax>
        <ymax>201.1945701357466</ymax>
    </bndbox>
</object>
</annotation>
