<annotation verified="yes">
    <folder>Annotation</folder>
    <filename>bottle_180.jpg</filename>
    <path>Bottle_v2-PascalVOC-export/Annotations/bottle_180.jpg</path>
    <source>
        <database>Unknown</database>
    </source>
    <size>
        <width>320</width>
        <height>240</height>
        <depth>3</depth>
    </size>
    <segmented>0</segmented>
    <object>
    <name>bottle</name>
    <pose>Unspecified</pose>
    <truncated>0</truncated>
    <difficult>0</difficult>
    <bndbox>
        <xmin>151.60940325497288</xmin>
        <ymin>115.3012048192771</ymin>
        <xmax>209.4755877034358</xmax>
        <ymax>240</ymax>
    </bndbox>
</object>
</annotation>
