<annotation verified="yes">
    <folder>Annotation</folder>
    <filename>bottle_165.jpg</filename>
    <path>Bottle_v2-PascalVOC-export/Annotations/bottle_165.jpg</path>
    <source>
        <database>Unknown</database>
    </source>
    <size>
        <width>320</width>
        <height>240</height>
        <depth>3</depth>
    </size>
    <segmented>0</segmented>
    <object>
    <name>bottle</name>
    <pose>Unspecified</pose>
    <truncated>0</truncated>
    <difficult>0</difficult>
    <bndbox>
        <xmin>131.93490054249548</xmin>
        <ymin>66.144578313253</ymin>
        <xmax>187.48643761301992</xmax>
        <ymax>214.7710843373494</ymax>
    </bndbox>
</object>
</annotation>
