<annotation verified="yes">
    <folder>Annotation</folder>
    <filename>bottle_224.jpg</filename>
    <path>Bottle_v2-PascalVOC-export/Annotations/bottle_224.jpg</path>
    <source>
        <database>Unknown</database>
    </source>
    <size>
        <width>320</width>
        <height>240</height>
        <depth>3</depth>
    </size>
    <segmented>0</segmented>
    <object>
    <name>bottle</name>
    <pose>Unspecified</pose>
    <truncated>0</truncated>
    <difficult>0</difficult>
    <bndbox>
        <xmin>164.91862567811935</xmin>
        <ymin>18.14457831325301</ymin>
        <xmax>227.99276672694396</xmax>
        <ymax>184.6987951807229</ymax>
    </bndbox>
</object>
</annotation>
