<annotation verified="yes">
    <folder>Annotation</folder>
    <filename>bottle_v3_23.jpg</filename>
    <path>Bottle_V3-PascalVOC-export/Annotations/bottle_v3_23.jpg</path>
    <source>
        <database>Unknown</database>
    </source>
    <size>
        <width>224</width>
        <height>224</height>
        <depth>3</depth>
    </size>
    <segmented>0</segmented>
    <object>
    <name>bottle</name>
    <pose>Unspecified</pose>
    <truncated>0</truncated>
    <difficult>0</difficult>
    <bndbox>
        <xmin>76.01809954751131</xmin>
        <ymin>43.07692307692307</ymin>
        <xmax>152.54298642533936</xmax>
        <ymax>223.99999999999997</ymax>
    </bndbox>
</object>
</annotation>
