<annotation verified="yes">
    <folder>Annotation</folder>
    <filename>bottle_v3_204.jpg</filename>
    <path>Bottle_V3-PascalVOC-export/Annotations/bottle_v3_204.jpg</path>
    <source>
        <database>Unknown</database>
    </source>
    <size>
        <width>224</width>
        <height>224</height>
        <depth>3</depth>
    </size>
    <segmented>0</segmented>
    <object>
    <name>bottle</name>
    <pose>Unspecified</pose>
    <truncated>0</truncated>
    <difficult>0</difficult>
    <bndbox>
        <xmin>94.76923076923076</xmin>
        <ymin>80.07239819004525</ymin>
        <xmax>140.88687782805428</xmax>
        <ymax>179.90950226244343</ymax>
    </bndbox>
</object>
</annotation>
