<annotation verified="yes">
    <folder>Annotation</folder>
    <filename>bottle_v3_205.jpg</filename>
    <path>Bottle_V3-PascalVOC-export/Annotations/bottle_v3_205.jpg</path>
    <source>
        <database>Unknown</database>
    </source>
    <size>
        <width>224</width>
        <height>224</height>
        <depth>3</depth>
    </size>
    <segmented>0</segmented>
    <object>
    <name>bottle</name>
    <pose>Unspecified</pose>
    <truncated>0</truncated>
    <difficult>0</difficult>
    <bndbox>
        <xmin>63.8552036199095</xmin>
        <ymin>11.656108597285067</ymin>
        <xmax>145.9547511312217</xmax>
        <ymax>207.78280542986423</ymax>
    </bndbox>
</object>
</annotation>
