<annotation verified="yes">
    <folder>Annotation</folder>
    <filename>bottle_v3_436.jpg</filename>
    <path>Bottle_V3-PascalVOC-export/Annotations/bottle_v3_436.jpg</path>
    <source>
        <database>Unknown</database>
    </source>
    <size>
        <width>224</width>
        <height>224</height>
        <depth>3</depth>
    </size>
    <segmented>0</segmented>
    <object>
    <name>bottle</name>
    <pose>Unspecified</pose>
    <truncated>0</truncated>
    <difficult>0</difficult>
    <bndbox>
        <xmin>83.61990950226244</xmin>
        <ymin>67.4027149321267</ymin>
        <xmax>145.44796380090497</xmax>
        <ymax>195.61990950226243</ymax>
    </bndbox>
</object>
</annotation>
