<annotation verified="yes">
    <folder>Annotation</folder>
    <filename>bottle_67.jpg</filename>
    <path>Bottle_v2-PascalVOC-export/Annotations/bottle_67.jpg</path>
    <source>
        <database>Unknown</database>
    </source>
    <size>
        <width>320</width>
        <height>240</height>
        <depth>3</depth>
    </size>
    <segmented>0</segmented>
    <object>
    <name>bottle</name>
    <pose>Unspecified</pose>
    <truncated>0</truncated>
    <difficult>0</difficult>
    <bndbox>
        <xmin>115.73236889692586</xmin>
        <ymin>0</ymin>
        <xmax>207.73960216998194</xmax>
        <ymax>193.95180722891564</ymax>
    </bndbox>
</object>
</annotation>
