<annotation verified="yes">
    <folder>Annotation</folder>
    <filename>bottle_v3_110.jpg</filename>
    <path>Bottle_V3-PascalVOC-export/Annotations/bottle_v3_110.jpg</path>
    <source>
        <database>Unknown</database>
    </source>
    <size>
        <width>224</width>
        <height>224</height>
        <depth>3</depth>
    </size>
    <segmented>0</segmented>
    <object>
    <name>bottle</name>
    <pose>Unspecified</pose>
    <truncated>0</truncated>
    <difficult>0</difficult>
    <bndbox>
        <xmin>99.83710407239819</xmin>
        <ymin>39.02262443438914</ymin>
        <xmax>154.06334841628959</xmax>
        <ymax>191.5656108597285</ymax>
    </bndbox>
</object>
</annotation>
