<annotation verified="yes">
    <folder>Annotation</folder>
    <filename>bottle_48.jpg</filename>
    <path>Bottle_v2-PascalVOC-export/Annotations/bottle_48.jpg</path>
    <source>
        <database>Unknown</database>
    </source>
    <size>
        <width>320</width>
        <height>240</height>
        <depth>3</depth>
    </size>
    <segmented>0</segmented>
    <object>
    <name>bottle</name>
    <pose>Unspecified</pose>
    <truncated>0</truncated>
    <difficult>0</difficult>
    <bndbox>
        <xmin>75.22603978300181</xmin>
        <ymin>43.01204819277108</ymin>
        <xmax>123.83363471971067</xmax>
        <ymax>161.56626506024097</ymax>
    </bndbox>
</object>
</annotation>
