<annotation verified="yes">
    <folder>Annotation</folder>
    <filename>bottle_217.jpg</filename>
    <path>Bottle_v2-PascalVOC-export/Annotations/bottle_217.jpg</path>
    <source>
        <database>Unknown</database>
    </source>
    <size>
        <width>320</width>
        <height>240</height>
        <depth>3</depth>
    </size>
    <segmented>0</segmented>
    <object>
    <name>bottle</name>
    <pose>Unspecified</pose>
    <truncated>0</truncated>
    <difficult>0</difficult>
    <bndbox>
        <xmin>174.75587703435806</xmin>
        <ymin>126.86746987951807</ymin>
        <xmax>222.7848101265823</xmax>
        <ymax>226.9156626506024</ymax>
    </bndbox>
</object>
</annotation>
