<annotation verified="yes">
    <folder>Annotation</folder>
    <filename>bottle_v3_163.jpg</filename>
    <path>Bottle_V3-PascalVOC-export/Annotations/bottle_v3_163.jpg</path>
    <source>
        <database>Unknown</database>
    </source>
    <size>
        <width>224</width>
        <height>224</height>
        <depth>3</depth>
    </size>
    <segmented>0</segmented>
    <object>
    <name>bottle</name>
    <pose>Unspecified</pose>
    <truncated>0</truncated>
    <difficult>0</difficult>
    <bndbox>
        <xmin>86.66063348416289</xmin>
        <ymin>57.77375565610859</ymin>
        <xmax>155.07692307692307</xmax>
        <ymax>188.52488687782804</ymax>
    </bndbox>
</object>
</annotation>
