<annotation verified="yes">
    <folder>Annotation</folder>
    <filename>bottle_137.jpg</filename>
    <path>Bottle_v2-PascalVOC-export/Annotations/bottle_137.jpg</path>
    <source>
        <database>Unknown</database>
    </source>
    <size>
        <width>320</width>
        <height>240</height>
        <depth>3</depth>
    </size>
    <segmented>0</segmented>
    <object>
    <name>bottle</name>
    <pose>Unspecified</pose>
    <truncated>0</truncated>
    <difficult>0</difficult>
    <bndbox>
        <xmin>160.28933092224233</xmin>
        <ymin>30.289156626506024</ymin>
        <xmax>208.31826401446656</xmax>
        <ymax>171.97590361445782</ymax>
    </bndbox>
</object>
</annotation>
