<annotation verified="yes">
    <folder>Annotation</folder>
    <filename>bottle_128.jpg</filename>
    <path>Bottle_v2-PascalVOC-export/Annotations/bottle_128.jpg</path>
    <source>
        <database>Unknown</database>
    </source>
    <size>
        <width>320</width>
        <height>240</height>
        <depth>3</depth>
    </size>
    <segmented>0</segmented>
    <object>
    <name>bottle</name>
    <pose>Unspecified</pose>
    <truncated>0</truncated>
    <difficult>0</difficult>
    <bndbox>
        <xmin>168.96925858951175</xmin>
        <ymin>77.13253012048193</ymin>
        <xmax>197.90235081374323</xmax>
        <ymax>161.56626506024097</ymax>
    </bndbox>
</object>
</annotation>
