<annotation verified="yes">
    <folder>Annotation</folder>
    <filename>bottle_125.jpg</filename>
    <path>Bottle_v2-PascalVOC-export/Annotations/bottle_125.jpg</path>
    <source>
        <database>Unknown</database>
    </source>
    <size>
        <width>320</width>
        <height>240</height>
        <depth>3</depth>
    </size>
    <segmented>0</segmented>
    <object>
    <name>bottle</name>
    <pose>Unspecified</pose>
    <truncated>0</truncated>
    <difficult>0</difficult>
    <bndbox>
        <xmin>128.4629294755877</xmin>
        <ymin>16.987951807228914</ymin>
        <xmax>168.39059674502715</xmax>
        <ymax>115.87951807228914</ymax>
    </bndbox>
</object>
</annotation>
