<annotation verified="yes">
    <folder>Annotation</folder>
    <filename>bottle_v3_138.jpg</filename>
    <path>Bottle_V3-PascalVOC-export/Annotations/bottle_v3_138.jpg</path>
    <source>
        <database>Unknown</database>
    </source>
    <size>
        <width>224</width>
        <height>224</height>
        <depth>3</depth>
    </size>
    <segmented>0</segmented>
    <object>
    <name>bottle</name>
    <pose>Unspecified</pose>
    <truncated>0</truncated>
    <difficult>0</difficult>
    <bndbox>
        <xmin>72.97737556561086</xmin>
        <ymin>40.036199095022624</ymin>
        <xmax>139.36651583710406</xmax>
        <ymax>207.2760180995475</ymax>
    </bndbox>
</object>
</annotation>
