<annotation verified="yes">
    <folder>Annotation</folder>
    <filename>bottle_v3_273.jpg</filename>
    <path>Bottle_V3-PascalVOC-export/Annotations/bottle_v3_273.jpg</path>
    <source>
        <database>Unknown</database>
    </source>
    <size>
        <width>224</width>
        <height>224</height>
        <depth>3</depth>
    </size>
    <segmented>0</segmented>
    <object>
    <name>bottle</name>
    <pose>Unspecified</pose>
    <truncated>0</truncated>
    <difficult>0</difficult>
    <bndbox>
        <xmin>83.61990950226244</xmin>
        <ymin>61.82805429864253</ymin>
        <xmax>120.61538461538461</xmax>
        <ymax>160.1447963800905</ymax>
    </bndbox>
</object>
</annotation>
