<annotation verified="yes">
    <folder>Annotation</folder>
    <filename>bottle_225.jpg</filename>
    <path>Bottle_v2-PascalVOC-export/Annotations/bottle_225.jpg</path>
    <source>
        <database>Unknown</database>
    </source>
    <size>
        <width>320</width>
        <height>240</height>
        <depth>3</depth>
    </size>
    <segmented>0</segmented>
    <object>
    <name>bottle</name>
    <pose>Unspecified</pose>
    <truncated>0</truncated>
    <difficult>0</difficult>
    <bndbox>
        <xmin>135.98553345388788</xmin>
        <ymin>109.51807228915662</ymin>
        <xmax>181.6998191681736</xmax>
        <ymax>230.96385542168673</ymax>
    </bndbox>
</object>
</annotation>
