<annotation verified="yes">
    <folder>Annotation</folder>
    <filename>bottle_18.jpg</filename>
    <path>Bottle_v2-PascalVOC-export/Annotations/bottle_18.jpg</path>
    <source>
        <database>Unknown</database>
    </source>
    <size>
        <width>320</width>
        <height>240</height>
        <depth>3</depth>
    </size>
    <segmented>0</segmented>
    <object>
    <name>bottle</name>
    <pose>Unspecified</pose>
    <truncated>0</truncated>
    <difficult>0</difficult>
    <bndbox>
        <xmin>139.45750452079565</xmin>
        <ymin>83.49397590361446</ymin>
        <xmax>166.0759493670886</xmax>
        <ymax>147.10843373493975</ymax>
    </bndbox>
</object>
</annotation>
