<annotation verified="yes">
    <folder>Annotation</folder>
    <filename>bottle_v3_1007.jpg</filename>
    <path>Bottle_V3-PascalVOC-export/Annotations/bottle_v3_1007.jpg</path>
    <source>
        <database>Unknown</database>
    </source>
    <size>
        <width>224</width>
        <height>224</height>
        <depth>3</depth>
    </size>
    <segmented>0</segmented>
    <object>
    <name>bottle</name>
    <pose>Unspecified</pose>
    <truncated>0</truncated>
    <difficult>0</difficult>
    <bndbox>
        <xmin>66.3891402714932</xmin>
        <ymin>44.5972850678733</ymin>
        <xmax>126.19004524886877</xmax>
        <ymax>197.6470588235294</ymax>
    </bndbox>
</object>
</annotation>
