<annotation verified="yes">
    <folder>Annotation</folder>
    <filename>bottle_163.jpg</filename>
    <path>Bottle_v2-PascalVOC-export/Annotations/bottle_163.jpg</path>
    <source>
        <database>Unknown</database>
    </source>
    <size>
        <width>320</width>
        <height>240</height>
        <depth>3</depth>
    </size>
    <segmented>0</segmented>
    <object>
    <name>bottle</name>
    <pose>Unspecified</pose>
    <truncated>0</truncated>
    <difficult>0</difficult>
    <bndbox>
        <xmin>132.5135623869801</xmin>
        <ymin>67.87951807228916</ymin>
        <xmax>166.65461121157324</xmax>
        <ymax>155.2048192771084</ymax>
    </bndbox>
</object>
</annotation>
