<annotation verified="yes">
    <folder>Annotation</folder>
    <filename>bottle_v3_262.jpg</filename>
    <path>Bottle_V3-PascalVOC-export/Annotations/bottle_v3_262.jpg</path>
    <source>
        <database>Unknown</database>
    </source>
    <size>
        <width>224</width>
        <height>224</height>
        <depth>3</depth>
    </size>
    <segmented>0</segmented>
    <object>
    <name>bottle</name>
    <pose>Unspecified</pose>
    <truncated>0</truncated>
    <difficult>0</difficult>
    <bndbox>
        <xmin>95.27601809954751</xmin>
        <ymin>68.92307692307692</ymin>
        <xmax>155.0769230769231</xmax>
        <ymax>213.3574660633484</ymax>
    </bndbox>
</object>
</annotation>
