<annotation verified="yes">
    <folder>Annotation</folder>
    <filename>bottle_v3_489.jpg</filename>
    <path>Bottle_V3-PascalVOC-export/Annotations/bottle_v3_489.jpg</path>
    <source>
        <database>Unknown</database>
    </source>
    <size>
        <width>224</width>
        <height>224</height>
        <depth>3</depth>
    </size>
    <segmented>0</segmented>
    <object>
    <name>bottle</name>
    <pose>Unspecified</pose>
    <truncated>0</truncated>
    <difficult>0</difficult>
    <bndbox>
        <xmin>82.60633484162895</xmin>
        <ymin>7.095022624434389</ymin>
        <xmax>171.2941176470588</xmax>
        <ymax>220.4524886877828</ymax>
    </bndbox>
</object>
</annotation>
