<annotation verified="yes">
    <folder>Annotation</folder>
    <filename>bottle_26.jpg</filename>
    <path>Bottle_v2-PascalVOC-export/Annotations/bottle_26.jpg</path>
    <source>
        <database>Unknown</database>
    </source>
    <size>
        <width>320</width>
        <height>240</height>
        <depth>3</depth>
    </size>
    <segmented>0</segmented>
    <object>
    <name>bottle</name>
    <pose>Unspecified</pose>
    <truncated>0</truncated>
    <difficult>0</difficult>
    <bndbox>
        <xmin>134.82820976491863</xmin>
        <ymin>68.4578313253012</ymin>
        <xmax>173.01989150090415</xmax>
        <ymax>182.3855421686747</ymax>
    </bndbox>
</object>
</annotation>
