<annotation verified="yes">
    <folder>Annotation</folder>
    <filename>bottle_v3_189.jpg</filename>
    <path>Bottle_V3-PascalVOC-export/Annotations/bottle_v3_189.jpg</path>
    <source>
        <database>Unknown</database>
    </source>
    <size>
        <width>224</width>
        <height>224</height>
        <depth>3</depth>
    </size>
    <segmented>0</segmented>
    <object>
    <name>bottle</name>
    <pose>Unspecified</pose>
    <truncated>0</truncated>
    <difficult>0</difficult>
    <bndbox>
        <xmin>93.75565610859728</xmin>
        <ymin>61.82805429864253</ymin>
        <xmax>147.98190045248867</xmax>
        <ymax>194.0995475113122</ymax>
    </bndbox>
</object>
</annotation>
