<annotation verified="yes">
    <folder>Annotation</folder>
    <filename>bottle_v3_509.jpg</filename>
    <path>Bottle_V3-PascalVOC-export/Annotations/bottle_v3_509.jpg</path>
    <source>
        <database>Unknown</database>
    </source>
    <size>
        <width>224</width>
        <height>224</height>
        <depth>3</depth>
    </size>
    <segmented>0</segmented>
    <object>
    <name>bottle</name>
    <pose>Unspecified</pose>
    <truncated>0</truncated>
    <difficult>0</difficult>
    <bndbox>
        <xmin>100.85067873303167</xmin>
        <ymin>105.91855203619909</ymin>
        <xmax>132.7782805429864</xmax>
        <ymax>176.36199095022624</ymax>
    </bndbox>
</object>
</annotation>
