<annotation verified="yes">
    <folder>Annotation</folder>
    <filename>bottle_132.jpg</filename>
    <path>Bottle_v2-PascalVOC-export/Annotations/bottle_132.jpg</path>
    <source>
        <database>Unknown</database>
    </source>
    <size>
        <width>320</width>
        <height>240</height>
        <depth>3</depth>
    </size>
    <segmented>0</segmented>
    <object>
    <name>bottle</name>
    <pose>Unspecified</pose>
    <truncated>0</truncated>
    <difficult>0</difficult>
    <bndbox>
        <xmin>146.40144665461122</xmin>
        <ymin>111.25301204819277</ymin>
        <xmax>192.69439421338157</xmax>
        <ymax>220.55421686746988</ymax>
    </bndbox>
</object>
</annotation>
