<annotation verified="yes">
    <folder>Annotation</folder>
    <filename>bottle_v3_232.jpg</filename>
    <path>Bottle_V3-PascalVOC-export/Annotations/bottle_v3_232.jpg</path>
    <source>
        <database>Unknown</database>
    </source>
    <size>
        <width>224</width>
        <height>224</height>
        <depth>3</depth>
    </size>
    <segmented>0</segmented>
    <object>
    <name>bottle</name>
    <pose>Unspecified</pose>
    <truncated>0</truncated>
    <difficult>0</difficult>
    <bndbox>
        <xmin>58.28054298642534</xmin>
        <ymin>49.66515837104072</ymin>
        <xmax>166.73303167420815</xmax>
        <ymax>192.07239819004525</ymax>
    </bndbox>
</object>
</annotation>
