<annotation verified="yes">
    <folder>Annotation</folder>
    <filename>bottle_v3_368.jpg</filename>
    <path>Bottle_V3-PascalVOC-export/Annotations/bottle_v3_368.jpg</path>
    <source>
        <database>Unknown</database>
    </source>
    <size>
        <width>224</width>
        <height>224</height>
        <depth>3</depth>
    </size>
    <segmented>0</segmented>
    <object>
    <name>bottle</name>
    <pose>Unspecified</pose>
    <truncated>0</truncated>
    <difficult>0</difficult>
    <bndbox>
        <xmin>114.02714932126696</xmin>
        <ymin>87.16742081447964</ymin>
        <xmax>161.15837104072398</xmax>
        <ymax>210.8235294117647</ymax>
    </bndbox>
</object>
</annotation>
