<annotation verified="yes">
    <folder>Annotation</folder>
    <filename>bottle_124.jpg</filename>
    <path>Bottle_v2-PascalVOC-export/Annotations/bottle_124.jpg</path>
    <source>
        <database>Unknown</database>
    </source>
    <size>
        <width>320</width>
        <height>240</height>
        <depth>3</depth>
    </size>
    <segmented>0</segmented>
    <object>
    <name>bottle</name>
    <pose>Unspecified</pose>
    <truncated>0</truncated>
    <difficult>0</difficult>
    <bndbox>
        <xmin>140.0361663652803</xmin>
        <ymin>99.6867469879518</ymin>
        <xmax>156.23869801084993</xmax>
        <ymax>140.16867469879517</ymax>
    </bndbox>
</object>
</annotation>
