<annotation verified="yes">
    <folder>Annotation</folder>
    <filename>bottle_v3_120.jpg</filename>
    <path>Bottle_V3-PascalVOC-export/Annotations/bottle_v3_120.jpg</path>
    <source>
        <database>Unknown</database>
    </source>
    <size>
        <width>224</width>
        <height>224</height>
        <depth>3</depth>
    </size>
    <segmented>0</segmented>
    <object>
    <name>bottle</name>
    <pose>Unspecified</pose>
    <truncated>0</truncated>
    <difficult>0</difficult>
    <bndbox>
        <xmin>65.37556561085972</xmin>
        <ymin>15.710407239819004</ymin>
        <xmax>135.3122171945701</xmax>
        <ymax>188.0180995475113</ymax>
    </bndbox>
</object>
</annotation>
