<annotation verified="yes">
    <folder>Annotation</folder>
    <filename>bottle_v3_464.jpg</filename>
    <path>Bottle_V3-PascalVOC-export/Annotations/bottle_v3_464.jpg</path>
    <source>
        <database>Unknown</database>
    </source>
    <size>
        <width>224</width>
        <height>224</height>
        <depth>3</depth>
    </size>
    <segmented>0</segmented>
    <object>
    <name>bottle</name>
    <pose>Unspecified</pose>
    <truncated>0</truncated>
    <difficult>0</difficult>
    <bndbox>
        <xmin>91.22171945701356</xmin>
        <ymin>17.23076923076923</ymin>
        <xmax>152.0361990950226</xmax>
        <ymax>174.841628959276</ymax>
    </bndbox>
</object>
</annotation>
