<annotation verified="yes">
    <folder>Annotation</folder>
    <filename>bottle_136.jpg</filename>
    <path>Bottle_v2-PascalVOC-export/Annotations/bottle_136.jpg</path>
    <source>
        <database>Unknown</database>
    </source>
    <size>
        <width>320</width>
        <height>240</height>
        <depth>3</depth>
    </size>
    <segmented>0</segmented>
    <object>
    <name>bottle</name>
    <pose>Unspecified</pose>
    <truncated>0</truncated>
    <difficult>0</difficult>
    <bndbox>
        <xmin>100.6871609403255</xmin>
        <ymin>67.3012048192771</ymin>
        <xmax>157.3960216998192</xmax>
        <ymax>206.09638554216866</ymax>
    </bndbox>
</object>
</annotation>
