<annotation verified="yes">
    <folder>Annotation</folder>
    <filename>bottle_13.jpg</filename>
    <path>Bottle_v2-PascalVOC-export/Annotations/bottle_13.jpg</path>
    <source>
        <database>Unknown</database>
    </source>
    <size>
        <width>320</width>
        <height>240</height>
        <depth>3</depth>
    </size>
    <segmented>0</segmented>
    <object>
    <name>bottle</name>
    <pose>Unspecified</pose>
    <truncated>0</truncated>
    <difficult>0</difficult>
    <bndbox>
        <xmin>167.8119349005425</xmin>
        <ymin>46.48192771084337</ymin>
        <xmax>233.77938517179024</xmax>
        <ymax>207.25301204819274</ymax>
    </bndbox>
</object>
</annotation>
