<annotation verified="yes">
    <folder>Annotation</folder>
    <filename>bottle_v3_363.jpg</filename>
    <path>Bottle_V3-PascalVOC-export/Annotations/bottle_v3_363.jpg</path>
    <source>
        <database>Unknown</database>
    </source>
    <size>
        <width>224</width>
        <height>224</height>
        <depth>3</depth>
    </size>
    <segmented>0</segmented>
    <object>
    <name>bottle</name>
    <pose>Unspecified</pose>
    <truncated>0</truncated>
    <difficult>0</difficult>
    <bndbox>
        <xmin>149.5022624434389</xmin>
        <ymin>51.185520361990946</ymin>
        <xmax>197.14027149321265</xmax>
        <ymax>171.80090497737555</ymax>
    </bndbox>
</object>
</annotation>
