<annotation verified="yes">
    <folder>Annotation</folder>
    <filename>bottle_47.jpg</filename>
    <path>Bottle_v2-PascalVOC-export/Annotations/bottle_47.jpg</path>
    <source>
        <database>Unknown</database>
    </source>
    <size>
        <width>320</width>
        <height>240</height>
        <depth>3</depth>
    </size>
    <segmented>0</segmented>
    <object>
    <name>bottle</name>
    <pose>Unspecified</pose>
    <truncated>0</truncated>
    <difficult>0</difficult>
    <bndbox>
        <xmin>127.88426763110309</xmin>
        <ymin>86.96385542168674</ymin>
        <xmax>197.90235081374323</xmax>
        <ymax>120.50602409638554</ymax>
    </bndbox>
</object>
</annotation>
