<annotation verified="yes">
    <folder>Annotation</folder>
    <filename>bottle_24.jpg</filename>
    <path>Bottle_v2-PascalVOC-export/Annotations/bottle_24.jpg</path>
    <source>
        <database>Unknown</database>
    </source>
    <size>
        <width>320</width>
        <height>240</height>
        <depth>3</depth>
    </size>
    <segmented>0</segmented>
    <object>
    <name>bottle</name>
    <pose>Unspecified</pose>
    <truncated>0</truncated>
    <difficult>0</difficult>
    <bndbox>
        <xmin>169.54792043399638</xmin>
        <ymin>54.57831325301205</ymin>
        <xmax>182.85714285714286</xmax>
        <ymax>89.27710843373494</ymax>
    </bndbox>
</object>
</annotation>
