<annotation verified="yes">
    <folder>Annotation</folder>
    <filename>bottle_v3_269.jpg</filename>
    <path>Bottle_V3-PascalVOC-export/Annotations/bottle_v3_269.jpg</path>
    <source>
        <database>Unknown</database>
    </source>
    <size>
        <width>224</width>
        <height>224</height>
        <depth>3</depth>
    </size>
    <segmented>0</segmented>
    <object>
    <name>bottle</name>
    <pose>Unspecified</pose>
    <truncated>0</truncated>
    <difficult>0</difficult>
    <bndbox>
        <xmin>77.03167420814479</xmin>
        <ymin>67.90950226244344</ymin>
        <xmax>128.7239819004525</xmax>
        <ymax>181.9366515837104</ymax>
    </bndbox>
</object>
</annotation>
