<annotation verified="yes">
    <folder>Annotation</folder>
    <filename>bottle_78.jpg</filename>
    <path>Bottle_v2-PascalVOC-export/Annotations/bottle_78.jpg</path>
    <source>
        <database>Unknown</database>
    </source>
    <size>
        <width>320</width>
        <height>240</height>
        <depth>3</depth>
    </size>
    <segmented>0</segmented>
    <object>
    <name>bottle</name>
    <pose>Unspecified</pose>
    <truncated>0</truncated>
    <difficult>0</difficult>
    <bndbox>
        <xmin>104.73779385171791</xmin>
        <ymin>73.08433734939759</ymin>
        <xmax>151.03074141048825</xmax>
        <ymax>181.2289156626506</ymax>
    </bndbox>
</object>
</annotation>
