<annotation verified="yes">
    <folder>Annotation</folder>
    <filename>bottle_v3_270.jpg</filename>
    <path>Bottle_V3-PascalVOC-export/Annotations/bottle_v3_270.jpg</path>
    <source>
        <database>Unknown</database>
    </source>
    <size>
        <width>224</width>
        <height>224</height>
        <depth>3</depth>
    </size>
    <segmented>0</segmented>
    <object>
    <name>bottle</name>
    <pose>Unspecified</pose>
    <truncated>0</truncated>
    <difficult>0</difficult>
    <bndbox>
        <xmin>77.03167420814479</xmin>
        <ymin>63.348416289592755</ymin>
        <xmax>131.76470588235293</xmax>
        <ymax>182.44343891402713</ymax>
    </bndbox>
</object>
</annotation>
