<annotation verified="yes">
    <folder>Annotation</folder>
    <filename>bottle_v3_360.jpg</filename>
    <path>Bottle_V3-PascalVOC-export/Annotations/bottle_v3_360.jpg</path>
    <source>
        <database>Unknown</database>
    </source>
    <size>
        <width>224</width>
        <height>224</height>
        <depth>3</depth>
    </size>
    <segmented>0</segmented>
    <object>
    <name>bottle</name>
    <pose>Unspecified</pose>
    <truncated>0</truncated>
    <difficult>0</difficult>
    <bndbox>
        <xmin>165.71945701357464</xmin>
        <ymin>80.57918552036199</ymin>
        <xmax>213.3574660633484</xmax>
        <ymax>198.15384615384613</ymax>
    </bndbox>
</object>
</annotation>
