<annotation verified="yes">
    <folder>Annotation</folder>
    <filename>bottle_v3_286.jpg</filename>
    <path>Bottle_V3-PascalVOC-export/Annotations/bottle_v3_286.jpg</path>
    <source>
        <database>Unknown</database>
    </source>
    <size>
        <width>224</width>
        <height>224</height>
        <depth>3</depth>
    </size>
    <segmented>0</segmented>
    <object>
    <name>bottle</name>
    <pose>Unspecified</pose>
    <truncated>0</truncated>
    <difficult>0</difficult>
    <bndbox>
        <xmin>88.68778280542986</xmin>
        <ymin>59.800904977375566</ymin>
        <xmax>121.6289592760181</xmax>
        <ymax>136.83257918552036</ymax>
    </bndbox>
</object>
</annotation>
