<annotation verified="yes">
    <folder>Annotation</folder>
    <filename>bottle_v3_351.jpg</filename>
    <path>Bottle_V3-PascalVOC-export/Annotations/bottle_v3_351.jpg</path>
    <source>
        <database>Unknown</database>
    </source>
    <size>
        <width>224</width>
        <height>224</height>
        <depth>3</depth>
    </size>
    <segmented>0</segmented>
    <object>
    <name>bottle</name>
    <pose>Unspecified</pose>
    <truncated>0</truncated>
    <difficult>0</difficult>
    <bndbox>
        <xmin>87.67420814479638</xmin>
        <ymin>20.778280542986423</ymin>
        <xmax>158.62443438914028</xmax>
        <ymax>218.93212669683254</ymax>
    </bndbox>
</object>
</annotation>
