<annotation verified="yes">
    <folder>Annotation</folder>
    <filename>bottle_166.jpg</filename>
    <path>Bottle_v2-PascalVOC-export/Annotations/bottle_166.jpg</path>
    <source>
        <database>Unknown</database>
    </source>
    <size>
        <width>320</width>
        <height>240</height>
        <depth>3</depth>
    </size>
    <segmented>0</segmented>
    <object>
    <name>bottle</name>
    <pose>Unspecified</pose>
    <truncated>0</truncated>
    <difficult>0</difficult>
    <bndbox>
        <xmin>129.62025316455697</xmin>
        <ymin>74.81927710843374</ymin>
        <xmax>189.80108499095843</xmax>
        <ymax>191.06024096385542</ymax>
    </bndbox>
</object>
</annotation>
