<annotation verified="yes">
    <folder>Annotation</folder>
    <filename>bottle_218.jpg</filename>
    <path>Bottle_v2-PascalVOC-export/Annotations/bottle_218.jpg</path>
    <source>
        <database>Unknown</database>
    </source>
    <size>
        <width>320</width>
        <height>240</height>
        <depth>3</depth>
    </size>
    <segmented>0</segmented>
    <object>
    <name>bottle</name>
    <pose>Unspecified</pose>
    <truncated>0</truncated>
    <difficult>0</difficult>
    <bndbox>
        <xmin>116.88969258589512</xmin>
        <ymin>51.10843373493976</ymin>
        <xmax>164.91862567811935</xmax>
        <ymax>141.9036144578313</ymax>
    </bndbox>
</object>
</annotation>
