<annotation verified="yes">
    <folder>Annotation</folder>
    <filename>bottle_v3_28.jpg</filename>
    <path>Bottle_V3-PascalVOC-export/Annotations/bottle_v3_28.jpg</path>
    <source>
        <database>Unknown</database>
    </source>
    <size>
        <width>224</width>
        <height>224</height>
        <depth>3</depth>
    </size>
    <segmented>0</segmented>
    <object>
    <name>bottle</name>
    <pose>Unspecified</pose>
    <truncated>0</truncated>
    <difficult>0</difficult>
    <bndbox>
        <xmin>39.02262443438914</xmin>
        <ymin>40.036199095022624</ymin>
        <xmax>108.45248868778279</xmax>
        <ymax>219.94570135746605</ymax>
    </bndbox>
</object>
</annotation>
