<annotation verified="yes">
    <folder>Annotation</folder>
    <filename>bottle_183.jpg</filename>
    <path>Bottle_v2-PascalVOC-export/Annotations/bottle_183.jpg</path>
    <source>
        <database>Unknown</database>
    </source>
    <size>
        <width>320</width>
        <height>240</height>
        <depth>3</depth>
    </size>
    <segmented>0</segmented>
    <object>
    <name>bottle</name>
    <pose>Unspecified</pose>
    <truncated>0</truncated>
    <difficult>0</difficult>
    <bndbox>
        <xmin>158.55334538878844</xmin>
        <ymin>67.3012048192771</ymin>
        <xmax>216.998191681736</xmax>
        <ymax>174.86746987951807</ymax>
    </bndbox>
</object>
</annotation>
