<annotation verified="yes">
    <folder>Annotation</folder>
    <filename>bottle_v3_371.jpg</filename>
    <path>Bottle_V3-PascalVOC-export/Annotations/bottle_v3_371.jpg</path>
    <source>
        <database>Unknown</database>
    </source>
    <size>
        <width>224</width>
        <height>224</height>
        <depth>3</depth>
    </size>
    <segmented>0</segmented>
    <object>
    <name>bottle</name>
    <pose>Unspecified</pose>
    <truncated>0</truncated>
    <difficult>0</difficult>
    <bndbox>
        <xmin>101.86425339366515</xmin>
        <ymin>66.3891402714932</ymin>
        <xmax>153.55656108597285</xmax>
        <ymax>189.53846153846152</ymax>
    </bndbox>
</object>
</annotation>
