<annotation verified="yes">
    <folder>Annotation</folder>
    <filename>bottle_v3_359.jpg</filename>
    <path>Bottle_V3-PascalVOC-export/Annotations/bottle_v3_359.jpg</path>
    <source>
        <database>Unknown</database>
    </source>
    <size>
        <width>224</width>
        <height>224</height>
        <depth>3</depth>
    </size>
    <segmented>0</segmented>
    <object>
    <name>bottle</name>
    <pose>Unspecified</pose>
    <truncated>0</truncated>
    <difficult>0</difficult>
    <bndbox>
        <xmin>163.18552036199094</xmin>
        <ymin>75.51131221719457</ymin>
        <xmax>217.41176470588235</xmax>
        <ymax>192.579185520362</ymax>
    </bndbox>
</object>
</annotation>
