<annotation verified="yes">
    <folder>Annotation</folder>
    <filename>bottle_229.jpg</filename>
    <path>Bottle_v2-PascalVOC-export/Annotations/bottle_229.jpg</path>
    <source>
        <database>Unknown</database>
    </source>
    <size>
        <width>320</width>
        <height>240</height>
        <depth>3</depth>
    </size>
    <segmented>0</segmented>
    <object>
    <name>bottle</name>
    <pose>Unspecified</pose>
    <truncated>0</truncated>
    <difficult>0</difficult>
    <bndbox>
        <xmin>171.28390596745027</xmin>
        <ymin>120.50602409638553</ymin>
        <xmax>226.25678119349004</xmax>
        <ymax>198</ymax>
    </bndbox>
</object>
</annotation>
