<annotation verified="yes">
    <folder>Annotation</folder>
    <filename>bottle_12.jpg</filename>
    <path>Bottle_v2-PascalVOC-export/Annotations/bottle_12.jpg</path>
    <source>
        <database>Unknown</database>
    </source>
    <size>
        <width>320</width>
        <height>240</height>
        <depth>3</depth>
    </size>
    <segmented>0</segmented>
    <object>
    <name>bottle</name>
    <pose>Unspecified</pose>
    <truncated>0</truncated>
    <difficult>0</difficult>
    <bndbox>
        <xmin>172.44122965641952</xmin>
        <ymin>25.08433734939759</ymin>
        <xmax>273.128390596745</xmax>
        <ymax>240</ymax>
    </bndbox>
</object>
</annotation>
