<annotation verified="yes">
    <folder>Annotation</folder>
    <filename>bottle_v3_402.jpg</filename>
    <path>Bottle_V3-PascalVOC-export/Annotations/bottle_v3_402.jpg</path>
    <source>
        <database>Unknown</database>
    </source>
    <size>
        <width>224</width>
        <height>224</height>
        <depth>3</depth>
    </size>
    <segmented>0</segmented>
    <object>
    <name>bottle</name>
    <pose>Unspecified</pose>
    <truncated>0</truncated>
    <difficult>0</difficult>
    <bndbox>
        <xmin>95.27601809954751</xmin>
        <ymin>16.723981900452486</ymin>
        <xmax>175.34841628959276</xmax>
        <ymax>211.83710407239818</ymax>
    </bndbox>
</object>
</annotation>
