<annotation verified="yes">
    <folder>Annotation</folder>
    <filename>bottle_v3_271.jpg</filename>
    <path>Bottle_V3-PascalVOC-export/Annotations/bottle_v3_271.jpg</path>
    <source>
        <database>Unknown</database>
    </source>
    <size>
        <width>224</width>
        <height>224</height>
        <depth>3</depth>
    </size>
    <segmented>0</segmented>
    <object>
    <name>bottle</name>
    <pose>Unspecified</pose>
    <truncated>0</truncated>
    <difficult>0</difficult>
    <bndbox>
        <xmin>79.05882352941177</xmin>
        <ymin>55.74660633484163</ymin>
        <xmax>135.31221719457014</xmax>
        <ymax>181.42986425339365</ymax>
    </bndbox>
</object>
</annotation>
