<annotation verified="yes">
    <folder>Annotation</folder>
    <filename>bottle_15.jpg</filename>
    <path>Bottle_v2-PascalVOC-export/Annotations/bottle_15.jpg</path>
    <source>
        <database>Unknown</database>
    </source>
    <size>
        <width>320</width>
        <height>240</height>
        <depth>3</depth>
    </size>
    <segmented>0</segmented>
    <object>
    <name>bottle</name>
    <pose>Unspecified</pose>
    <truncated>0</truncated>
    <difficult>0</difficult>
    <bndbox>
        <xmin>50.92224231464738</xmin>
        <ymin>44.74698795180723</ymin>
        <xmax>199.6383363471971</xmax>
        <ymax>188.74698795180723</ymax>
    </bndbox>
</object>
</annotation>
