<annotation verified="yes">
    <folder>Annotation</folder>
    <filename>bottle_178.jpg</filename>
    <path>Bottle_v2-PascalVOC-export/Annotations/bottle_178.jpg</path>
    <source>
        <database>Unknown</database>
    </source>
    <size>
        <width>320</width>
        <height>240</height>
        <depth>3</depth>
    </size>
    <segmented>0</segmented>
    <object>
    <name>bottle</name>
    <pose>Unspecified</pose>
    <truncated>0</truncated>
    <difficult>0</difficult>
    <bndbox>
        <xmin>159.13200723327307</xmin>
        <ymin>76.55421686746988</ymin>
        <xmax>193.2730560578662</xmax>
        <ymax>170.24096385542168</ymax>
    </bndbox>
</object>
</annotation>
