<annotation verified="yes">
    <folder>Annotation</folder>
    <filename>bottle_v3_469.jpg</filename>
    <path>Bottle_V3-PascalVOC-export/Annotations/bottle_v3_469.jpg</path>
    <source>
        <database>Unknown</database>
    </source>
    <size>
        <width>224</width>
        <height>224</height>
        <depth>3</depth>
    </size>
    <segmented>0</segmented>
    <object>
    <name>bottle</name>
    <pose>Unspecified</pose>
    <truncated>0</truncated>
    <difficult>0</difficult>
    <bndbox>
        <xmin>94.26244343891402</xmin>
        <ymin>40.542986425339365</ymin>
        <xmax>152.0361990950226</xmax>
        <ymax>185.4841628959276</ymax>
    </bndbox>
</object>
</annotation>
