<annotation verified="yes">
    <folder>Annotation</folder>
    <filename>bottle_v3_217.jpg</filename>
    <path>Bottle_V3-PascalVOC-export/Annotations/bottle_v3_217.jpg</path>
    <source>
        <database>Unknown</database>
    </source>
    <size>
        <width>224</width>
        <height>224</height>
        <depth>3</depth>
    </size>
    <segmented>0</segmented>
    <object>
    <name>bottle</name>
    <pose>Unspecified</pose>
    <truncated>0</truncated>
    <difficult>0</difficult>
    <bndbox>
        <xmin>61.82805429864253</xmin>
        <ymin>4.0542986425339365</ymin>
        <xmax>136.83257918552033</xmax>
        <ymax>221.4660633484163</ymax>
    </bndbox>
</object>
</annotation>
