<annotation verified="yes">
    <folder>Annotation</folder>
    <filename>bottle_v3_1017.jpg</filename>
    <path>Bottle_V3-PascalVOC-export/Annotations/bottle_v3_1017.jpg</path>
    <source>
        <database>Unknown</database>
    </source>
    <size>
        <width>224</width>
        <height>224</height>
        <depth>3</depth>
    </size>
    <segmented>0</segmented>
    <object>
    <name>bottle</name>
    <pose>Unspecified</pose>
    <truncated>0</truncated>
    <difficult>0</difficult>
    <bndbox>
        <xmin>168.7601809954751</xmin>
        <ymin>76.52488687782805</ymin>
        <xmax>219.4389140271493</xmax>
        <ymax>190.0452488687783</ymax>
    </bndbox>
</object>
</annotation>
