<annotation verified="yes">
    <folder>Annotation</folder>
    <filename>bottle_v3_187.jpg</filename>
    <path>Bottle_V3-PascalVOC-export/Annotations/bottle_v3_187.jpg</path>
    <source>
        <database>Unknown</database>
    </source>
    <size>
        <width>224</width>
        <height>224</height>
        <depth>3</depth>
    </size>
    <segmented>0</segmented>
    <object>
    <name>bottle</name>
    <pose>Unspecified</pose>
    <truncated>0</truncated>
    <difficult>0</difficult>
    <bndbox>
        <xmin>93.75565610859728</xmin>
        <ymin>57.26696832579185</ymin>
        <xmax>148.4886877828054</xmax>
        <ymax>190.552036199095</ymax>
    </bndbox>
</object>
</annotation>
