<annotation verified="yes">
    <folder>Annotation</folder>
    <filename>bottle_v3_194.jpg</filename>
    <path>Bottle_V3-PascalVOC-export/Annotations/bottle_v3_194.jpg</path>
    <source>
        <database>Unknown</database>
    </source>
    <size>
        <width>224</width>
        <height>224</height>
        <depth>3</depth>
    </size>
    <segmented>0</segmented>
    <object>
    <name>bottle</name>
    <pose>Unspecified</pose>
    <truncated>0</truncated>
    <difficult>0</difficult>
    <bndbox>
        <xmin>96.79638009049773</xmin>
        <ymin>60.81447963800905</ymin>
        <xmax>150.51583710407238</xmax>
        <ymax>187.51131221719456</ymax>
    </bndbox>
</object>
</annotation>
