<annotation verified="yes">
    <folder>Annotation</folder>
    <filename>bottle_102.jpg</filename>
    <path>Bottle_v2-PascalVOC-export/Annotations/bottle_102.jpg</path>
    <source>
        <database>Unknown</database>
    </source>
    <size>
        <width>320</width>
        <height>240</height>
        <depth>3</depth>
    </size>
    <segmented>0</segmented>
    <object>
    <name>bottle</name>
    <pose>Unspecified</pose>
    <truncated>0</truncated>
    <difficult>0</difficult>
    <bndbox>
        <xmin>129.04159132007234</xmin>
        <ymin>82.9156626506024</ymin>
        <xmax>185.1717902350814</xmax>
        <ymax>226.9156626506024</ymax>
    </bndbox>
</object>
</annotation>
