<annotation verified="yes">
    <folder>Annotation</folder>
    <filename>bottle_195.jpg</filename>
    <path>Bottle_v2-PascalVOC-export/Annotations/bottle_195.jpg</path>
    <source>
        <database>Unknown</database>
    </source>
    <size>
        <width>320</width>
        <height>240</height>
        <depth>3</depth>
    </size>
    <segmented>0</segmented>
    <object>
    <name>bottle</name>
    <pose>Unspecified</pose>
    <truncated>0</truncated>
    <difficult>0</difficult>
    <bndbox>
        <xmin>137.14285714285714</xmin>
        <ymin>130.9156626506024</ymin>
        <xmax>190.95840867992766</xmax>
        <ymax>239.63855421686748</ymax>
    </bndbox>
</object>
</annotation>
