<annotation verified="yes">
    <folder>Annotation</folder>
    <filename>bottle_104.jpg</filename>
    <path>Bottle_v2-PascalVOC-export/Annotations/bottle_104.jpg</path>
    <source>
        <database>Unknown</database>
    </source>
    <size>
        <width>320</width>
        <height>240</height>
        <depth>3</depth>
    </size>
    <segmented>0</segmented>
    <object>
    <name>bottle</name>
    <pose>Unspecified</pose>
    <truncated>0</truncated>
    <difficult>0</difficult>
    <bndbox>
        <xmin>151.60940325497288</xmin>
        <ymin>143.06024096385542</ymin>
        <xmax>201.95298372513562</xmax>
        <ymax>239.63855421686748</ymax>
    </bndbox>
</object>
</annotation>
