<annotation verified="yes">
    <folder>Annotation</folder>
    <filename>bottle_v3_462.jpg</filename>
    <path>Bottle_V3-PascalVOC-export/Annotations/bottle_v3_462.jpg</path>
    <source>
        <database>Unknown</database>
    </source>
    <size>
        <width>224</width>
        <height>224</height>
        <depth>3</depth>
    </size>
    <segmented>0</segmented>
    <object>
    <name>bottle</name>
    <pose>Unspecified</pose>
    <truncated>0</truncated>
    <difficult>0</difficult>
    <bndbox>
        <xmin>99.33031674208144</xmin>
        <ymin>15.710407239819004</ymin>
        <xmax>156.09049773755655</xmax>
        <ymax>162.17194570135746</ymax>
    </bndbox>
</object>
</annotation>
