<annotation verified="yes">
    <folder>Annotation</folder>
    <filename>bottle_v3_432.jpg</filename>
    <path>Bottle_V3-PascalVOC-export/Annotations/bottle_v3_432.jpg</path>
    <source>
        <database>Unknown</database>
    </source>
    <size>
        <width>224</width>
        <height>224</height>
        <depth>3</depth>
    </size>
    <segmented>0</segmented>
    <object>
    <name>bottle</name>
    <pose>Unspecified</pose>
    <truncated>0</truncated>
    <difficult>0</difficult>
    <bndbox>
        <xmin>78.55203619909501</xmin>
        <ymin>27.873303167420815</ymin>
        <xmax>132.7782805429864</xmax>
        <ymax>185.48416289592757</ymax>
    </bndbox>
</object>
</annotation>
