<annotation verified="yes">
    <folder>Annotation</folder>
    <filename>bottle_56.jpg</filename>
    <path>Bottle_v2-PascalVOC-export/Annotations/bottle_56.jpg</path>
    <source>
        <database>Unknown</database>
    </source>
    <size>
        <width>320</width>
        <height>240</height>
        <depth>3</depth>
    </size>
    <segmented>0</segmented>
    <object>
    <name>bottle</name>
    <pose>Unspecified</pose>
    <truncated>0</truncated>
    <difficult>0</difficult>
    <bndbox>
        <xmin>123.25497287522604</xmin>
        <ymin>115.87951807228914</ymin>
        <xmax>172.44122965641952</xmax>
        <ymax>214.19277108433732</ymax>
    </bndbox>
</object>
</annotation>
