<annotation verified="yes">
    <folder>Annotation</folder>
    <filename>bottle_39.jpg</filename>
    <path>Bottle_v2-PascalVOC-export/Annotations/bottle_39.jpg</path>
    <source>
        <database>Unknown</database>
    </source>
    <size>
        <width>320</width>
        <height>240</height>
        <depth>3</depth>
    </size>
    <segmented>0</segmented>
    <object>
    <name>bottle</name>
    <pose>Unspecified</pose>
    <truncated>0</truncated>
    <difficult>0</difficult>
    <bndbox>
        <xmin>149.873417721519</xmin>
        <ymin>107.78313253012048</ymin>
        <xmax>174.75587703435804</xmax>
        <ymax>167.9277108433735</ymax>
    </bndbox>
</object>
</annotation>
