<annotation verified="yes">
    <folder>Annotation</folder>
    <filename>bottle_v3_49.jpg</filename>
    <path>Bottle_V3-PascalVOC-export/Annotations/bottle_v3_49.jpg</path>
    <source>
        <database>Unknown</database>
    </source>
    <size>
        <width>224</width>
        <height>224</height>
        <depth>3</depth>
    </size>
    <segmented>0</segmented>
    <object>
    <name>bottle</name>
    <pose>Unspecified</pose>
    <truncated>0</truncated>
    <difficult>0</difficult>
    <bndbox>
        <xmin>79.56561085972851</xmin>
        <ymin>44.5972850678733</ymin>
        <xmax>152.54298642533936</xmax>
        <ymax>205.7556561085973</ymax>
    </bndbox>
</object>
</annotation>
