<annotation verified="yes">
    <folder>Annotation</folder>
    <filename>bottle_v3_512.jpg</filename>
    <path>Bottle_V3-PascalVOC-export/Annotations/bottle_v3_512.jpg</path>
    <source>
        <database>Unknown</database>
    </source>
    <size>
        <width>224</width>
        <height>224</height>
        <depth>3</depth>
    </size>
    <segmented>0</segmented>
    <object>
    <name>bottle</name>
    <pose>Unspecified</pose>
    <truncated>0</truncated>
    <difficult>0</difficult>
    <bndbox>
        <xmin>96.79638009049773</xmin>
        <ymin>49.66515837104072</ymin>
        <xmax>145.44796380090497</xmax>
        <ymax>184.97737556561086</ymax>
    </bndbox>
</object>
</annotation>
