<annotation verified="yes">
    <folder>Annotation</folder>
    <filename>bottle_101.jpg</filename>
    <path>Bottle_v2-PascalVOC-export/Annotations/bottle_101.jpg</path>
    <source>
        <database>Unknown</database>
    </source>
    <size>
        <width>320</width>
        <height>240</height>
        <depth>3</depth>
    </size>
    <segmented>0</segmented>
    <object>
    <name>bottle</name>
    <pose>Unspecified</pose>
    <truncated>0</truncated>
    <difficult>0</difficult>
    <bndbox>
        <xmin>131.93490054249548</xmin>
        <ymin>0</ymin>
        <xmax>228.57142857142858</xmax>
        <ymax>232.12048192771084</ymax>
    </bndbox>
</object>
</annotation>
