<annotation verified="yes">
    <folder>Annotation</folder>
    <filename>bottle_v3_349.jpg</filename>
    <path>Bottle_V3-PascalVOC-export/Annotations/bottle_v3_349.jpg</path>
    <source>
        <database>Unknown</database>
    </source>
    <size>
        <width>224</width>
        <height>224</height>
        <depth>3</depth>
    </size>
    <segmented>0</segmented>
    <object>
    <name>bottle</name>
    <pose>Unspecified</pose>
    <truncated>0</truncated>
    <difficult>0</difficult>
    <bndbox>
        <xmin>92.23529411764706</xmin>
        <ymin>10.642533936651583</ymin>
        <xmax>164.70588235294116</xmax>
        <ymax>215.8914027149321</ymax>
    </bndbox>
</object>
</annotation>
