<annotation verified="yes">
    <folder>Annotation</folder>
    <filename>bottle_v3_403.jpg</filename>
    <path>Bottle_V3-PascalVOC-export/Annotations/bottle_v3_403.jpg</path>
    <source>
        <database>Unknown</database>
    </source>
    <size>
        <width>224</width>
        <height>224</height>
        <depth>3</depth>
    </size>
    <segmented>0</segmented>
    <object>
    <name>bottle</name>
    <pose>Unspecified</pose>
    <truncated>0</truncated>
    <difficult>0</difficult>
    <bndbox>
        <xmin>83.11312217194569</xmin>
        <ymin>14.69683257918552</ymin>
        <xmax>166.73303167420812</xmax>
        <ymax>207.2760180995475</ymax>
    </bndbox>
</object>
</annotation>
