<annotation verified="yes">
    <folder>Annotation</folder>
    <filename>bottle_v3_337.jpg</filename>
    <path>Bottle_V3-PascalVOC-export/Annotations/bottle_v3_337.jpg</path>
    <source>
        <database>Unknown</database>
    </source>
    <size>
        <width>224</width>
        <height>224</height>
        <depth>3</depth>
    </size>
    <segmented>0</segmented>
    <object>
    <name>bottle</name>
    <pose>Unspecified</pose>
    <truncated>0</truncated>
    <difficult>0</difficult>
    <bndbox>
        <xmin>67.4027149321267</xmin>
        <ymin>38.009049773755656</ymin>
        <xmax>125.17647058823529</xmax>
        <ymax>187.51131221719456</ymax>
    </bndbox>
</object>
</annotation>
