<annotation verified="yes">
    <folder>Annotation</folder>
    <filename>bottle_v3_380.jpg</filename>
    <path>Bottle_V3-PascalVOC-export/Annotations/bottle_v3_380.jpg</path>
    <source>
        <database>Unknown</database>
    </source>
    <size>
        <width>224</width>
        <height>224</height>
        <depth>3</depth>
    </size>
    <segmented>0</segmented>
    <object>
    <name>bottle</name>
    <pose>Unspecified</pose>
    <truncated>0</truncated>
    <difficult>0</difficult>
    <bndbox>
        <xmin>66.3891402714932</xmin>
        <ymin>9.122171945701357</ymin>
        <xmax>141.39366515837102</xmax>
        <ymax>213.86425339366514</ymax>
    </bndbox>
</object>
</annotation>
