<annotation verified="yes">
    <folder>Annotation</folder>
    <filename>bottle_71.jpg</filename>
    <path>Bottle_v2-PascalVOC-export/Annotations/bottle_71.jpg</path>
    <source>
        <database>Unknown</database>
    </source>
    <size>
        <width>320</width>
        <height>240</height>
        <depth>3</depth>
    </size>
    <segmented>0</segmented>
    <object>
    <name>bottle</name>
    <pose>Unspecified</pose>
    <truncated>0</truncated>
    <difficult>0</difficult>
    <bndbox>
        <xmin>21.989150090415915</xmin>
        <ymin>39.54216867469879</ymin>
        <xmax>111.68173598553346</xmax>
        <ymax>233.85542168674698</ymax>
    </bndbox>
</object>
</annotation>
