<annotation verified="yes">
    <folder>Annotation</folder>
    <filename>bottle_v3_516.jpg</filename>
    <path>Bottle_V3-PascalVOC-export/Annotations/bottle_v3_516.jpg</path>
    <source>
        <database>Unknown</database>
    </source>
    <size>
        <width>224</width>
        <height>224</height>
        <depth>3</depth>
    </size>
    <segmented>0</segmented>
    <object>
    <name>bottle</name>
    <pose>Unspecified</pose>
    <truncated>0</truncated>
    <difficult>0</difficult>
    <bndbox>
        <xmin>39.02262443438914</xmin>
        <ymin>67.4027149321267</ymin>
        <xmax>97.30316742081448</xmax>
        <ymax>190.55203619909503</ymax>
    </bndbox>
</object>
</annotation>
