<annotation verified="yes">
    <folder>Annotation</folder>
    <filename>bottle_v3_501.jpg</filename>
    <path>Bottle_V3-PascalVOC-export/Annotations/bottle_v3_501.jpg</path>
    <source>
        <database>Unknown</database>
    </source>
    <size>
        <width>224</width>
        <height>224</height>
        <depth>3</depth>
    </size>
    <segmented>0</segmented>
    <object>
    <name>bottle</name>
    <pose>Unspecified</pose>
    <truncated>0</truncated>
    <difficult>0</difficult>
    <bndbox>
        <xmin>97.30316742081448</xmin>
        <ymin>34.46153846153846</ymin>
        <xmax>168.7601809954751</xmax>
        <ymax>206.262443438914</ymax>
    </bndbox>
</object>
</annotation>
