<annotation verified="yes">
    <folder>Annotation</folder>
    <filename>bottle_126.jpg</filename>
    <path>Bottle_v2-PascalVOC-export/Annotations/bottle_126.jpg</path>
    <source>
        <database>Unknown</database>
    </source>
    <size>
        <width>320</width>
        <height>240</height>
        <depth>3</depth>
    </size>
    <segmented>0</segmented>
    <object>
    <name>bottle</name>
    <pose>Unspecified</pose>
    <truncated>0</truncated>
    <difficult>0</difficult>
    <bndbox>
        <xmin>147.55877034358048</xmin>
        <ymin>84.0722891566265</ymin>
        <xmax>197.3236889692586</xmax>
        <ymax>230.96385542168673</ymax>
    </bndbox>
</object>
</annotation>
