<annotation verified="yes">
    <folder>Annotation</folder>
    <filename>bottle_66.jpg</filename>
    <path>Bottle_v2-PascalVOC-export/Annotations/bottle_66.jpg</path>
    <source>
        <database>Unknown</database>
    </source>
    <size>
        <width>320</width>
        <height>240</height>
        <depth>3</depth>
    </size>
    <segmented>0</segmented>
    <object>
    <name>bottle</name>
    <pose>Unspecified</pose>
    <truncated>0</truncated>
    <difficult>0</difficult>
    <bndbox>
        <xmin>121.51898734177216</xmin>
        <ymin>41.27710843373494</ymin>
        <xmax>190.9584086799277</xmax>
        <ymax>205.51807228915663</ymax>
    </bndbox>
</object>
</annotation>
