<annotation verified="yes">
    <folder>Annotation</folder>
    <filename>bottle_83.jpg</filename>
    <path>Bottle_v2-PascalVOC-export/Annotations/bottle_83.jpg</path>
    <source>
        <database>Unknown</database>
    </source>
    <size>
        <width>320</width>
        <height>240</height>
        <depth>3</depth>
    </size>
    <segmented>0</segmented>
    <object>
    <name>bottle</name>
    <pose>Unspecified</pose>
    <truncated>0</truncated>
    <difficult>0</difficult>
    <bndbox>
        <xmin>160.28933092224233</xmin>
        <ymin>28.55421686746988</ymin>
        <xmax>230.30741410488247</xmax>
        <ymax>189.32530120481925</ymax>
    </bndbox>
</object>
</annotation>
