<annotation verified="yes">
    <folder>Annotation</folder>
    <filename>bottle_44.jpg</filename>
    <path>Bottle_v2-PascalVOC-export/Annotations/bottle_44.jpg</path>
    <source>
        <database>Unknown</database>
    </source>
    <size>
        <width>320</width>
        <height>240</height>
        <depth>3</depth>
    </size>
    <segmented>0</segmented>
    <object>
    <name>bottle</name>
    <pose>Unspecified</pose>
    <truncated>0</truncated>
    <difficult>0</difficult>
    <bndbox>
        <xmin>229.1500904159132</xmin>
        <ymin>110.09638554216868</ymin>
        <xmax>275.44303797468353</xmax>
        <ymax>203.2048192771084</ymax>
    </bndbox>
</object>
</annotation>
