<annotation verified="yes">
    <folder>Annotation</folder>
    <filename>bottle_107.jpg</filename>
    <path>Bottle_v2-PascalVOC-export/Annotations/bottle_107.jpg</path>
    <source>
        <database>Unknown</database>
    </source>
    <size>
        <width>320</width>
        <height>240</height>
        <depth>3</depth>
    </size>
    <segmented>0</segmented>
    <object>
    <name>bottle</name>
    <pose>Unspecified</pose>
    <truncated>0</truncated>
    <difficult>0</difficult>
    <bndbox>
        <xmin>153.9240506329114</xmin>
        <ymin>167.9277108433735</ymin>
        <xmax>193.2730560578662</xmax>
        <ymax>240</ymax>
    </bndbox>
</object>
</annotation>
