<annotation verified="yes">
    <folder>Annotation</folder>
    <filename>bottle_01.jpg</filename>
    <path>Bottle_v2-PascalVOC-export/Annotations/bottle_01.jpg</path>
    <source>
        <database>Unknown</database>
    </source>
    <size>
        <width>320</width>
        <height>240</height>
        <depth>3</depth>
    </size>
    <segmented>0</segmented>
    <object>
    <name>bottle</name>
    <pose>Unspecified</pose>
    <truncated>0</truncated>
    <difficult>0</difficult>
    <bndbox>
        <xmin>122.09764918625679</xmin>
        <ymin>48.21686746987952</ymin>
        <xmax>166.65461121157324</xmax>
        <ymax>169.66265060240963</ymax>
    </bndbox>
</object>
</annotation>
