<annotation verified="yes">
    <folder>Annotation</folder>
    <filename>bottle_58.jpg</filename>
    <path>Bottle_v2-PascalVOC-export/Annotations/bottle_58.jpg</path>
    <source>
        <database>Unknown</database>
    </source>
    <size>
        <width>320</width>
        <height>240</height>
        <depth>3</depth>
    </size>
    <segmented>0</segmented>
    <object>
    <name>bottle</name>
    <pose>Unspecified</pose>
    <truncated>0</truncated>
    <difficult>0</difficult>
    <bndbox>
        <xmin>122.09764918625679</xmin>
        <ymin>85.22891566265059</ymin>
        <xmax>157.3960216998192</xmax>
        <ymax>181.2289156626506</ymax>
    </bndbox>
</object>
</annotation>
