<annotation verified="yes">
    <folder>Annotation</folder>
    <filename>bottle_223.jpg</filename>
    <path>Bottle_v2-PascalVOC-export/Annotations/bottle_223.jpg</path>
    <source>
        <database>Unknown</database>
    </source>
    <size>
        <width>320</width>
        <height>240</height>
        <depth>3</depth>
    </size>
    <segmented>0</segmented>
    <object>
    <name>bottle</name>
    <pose>Unspecified</pose>
    <truncated>0</truncated>
    <difficult>0</difficult>
    <bndbox>
        <xmin>148.1374321880651</xmin>
        <ymin>121.08433734939759</ymin>
        <xmax>191.53707052441231</xmax>
        <ymax>207.8313253012048</ymax>
    </bndbox>
</object>
</annotation>
