<annotation verified="yes">
    <folder>Annotation</folder>
    <filename>bottle_v3_308.jpg</filename>
    <path>Bottle_V3-PascalVOC-export/Annotations/bottle_v3_308.jpg</path>
    <source>
        <database>Unknown</database>
    </source>
    <size>
        <width>224</width>
        <height>224</height>
        <depth>3</depth>
    </size>
    <segmented>0</segmented>
    <object>
    <name>bottle</name>
    <pose>Unspecified</pose>
    <truncated>0</truncated>
    <difficult>0</difficult>
    <bndbox>
        <xmin>9.122171945701357</xmin>
        <ymin>8.108597285067873</ymin>
        <xmax>97.30316742081448</xmax>
        <ymax>213.3574660633484</ymax>
    </bndbox>
</object>
</annotation>
