<annotation verified="yes">
    <folder>Annotation</folder>
    <filename>bottle_190.jpg</filename>
    <path>Bottle_v2-PascalVOC-export/Annotations/bottle_190.jpg</path>
    <source>
        <database>Unknown</database>
    </source>
    <size>
        <width>320</width>
        <height>240</height>
        <depth>3</depth>
    </size>
    <segmented>0</segmented>
    <object>
    <name>bottle</name>
    <pose>Unspecified</pose>
    <truncated>0</truncated>
    <difficult>0</difficult>
    <bndbox>
        <xmin>111.68173598553346</xmin>
        <ymin>106.04819277108433</ymin>
        <xmax>151.03074141048825</xmax>
        <ymax>203.2048192771084</ymax>
    </bndbox>
</object>
</annotation>
