<annotation verified="yes">
    <folder>Annotation</folder>
    <filename>bottle_v3_184.jpg</filename>
    <path>Bottle_V3-PascalVOC-export/Annotations/bottle_v3_184.jpg</path>
    <source>
        <database>Unknown</database>
    </source>
    <size>
        <width>224</width>
        <height>224</height>
        <depth>3</depth>
    </size>
    <segmented>0</segmented>
    <object>
    <name>bottle</name>
    <pose>Unspecified</pose>
    <truncated>0</truncated>
    <difficult>0</difficult>
    <bndbox>
        <xmin>76.52488687782805</xmin>
        <ymin>6.588235294117647</ymin>
        <xmax>155.58371040723983</xmax>
        <ymax>195.61990950226243</ymax>
    </bndbox>
</object>
</annotation>
