<annotation verified="yes">
    <folder>Annotation</folder>
    <filename>bottle_v3_503.jpg</filename>
    <path>Bottle_V3-PascalVOC-export/Annotations/bottle_v3_503.jpg</path>
    <source>
        <database>Unknown</database>
    </source>
    <size>
        <width>224</width>
        <height>224</height>
        <depth>3</depth>
    </size>
    <segmented>0</segmented>
    <object>
    <name>bottle</name>
    <pose>Unspecified</pose>
    <truncated>0</truncated>
    <difficult>0</difficult>
    <bndbox>
        <xmin>87.16742081447964</xmin>
        <ymin>5.574660633484163</ymin>
        <xmax>176.86877828054298</xmax>
        <ymax>205.24886877828055</ymax>
    </bndbox>
</object>
</annotation>
