<annotation verified="yes">
    <folder>Annotation</folder>
    <filename>bottle_v3_453.jpg</filename>
    <path>Bottle_V3-PascalVOC-export/Annotations/bottle_v3_453.jpg</path>
    <source>
        <database>Unknown</database>
    </source>
    <size>
        <width>224</width>
        <height>224</height>
        <depth>3</depth>
    </size>
    <segmented>0</segmented>
    <object>
    <name>bottle</name>
    <pose>Unspecified</pose>
    <truncated>0</truncated>
    <difficult>0</difficult>
    <bndbox>
        <xmin>93.24886877828054</xmin>
        <ymin>31.420814479638008</ymin>
        <xmax>164.70588235294116</xmax>
        <ymax>214.87782805429865</ymax>
    </bndbox>
</object>
</annotation>
