<annotation verified="yes">
    <folder>Annotation</folder>
    <filename>bottle_v3_420.jpg</filename>
    <path>Bottle_V3-PascalVOC-export/Annotations/bottle_v3_420.jpg</path>
    <source>
        <database>Unknown</database>
    </source>
    <size>
        <width>224</width>
        <height>224</height>
        <depth>3</depth>
    </size>
    <segmented>0</segmented>
    <object>
    <name>bottle</name>
    <pose>Unspecified</pose>
    <truncated>0</truncated>
    <difficult>0</difficult>
    <bndbox>
        <xmin>81.08597285067873</xmin>
        <ymin>45.10407239819004</ymin>
        <xmax>149.5022624434389</xmax>
        <ymax>215.38461538461536</ymax>
    </bndbox>
</object>
</annotation>
