<annotation verified="yes">
    <folder>Annotation</folder>
    <filename>bottle_v3_213.jpg</filename>
    <path>Bottle_V3-PascalVOC-export/Annotations/bottle_v3_213.jpg</path>
    <source>
        <database>Unknown</database>
    </source>
    <size>
        <width>224</width>
        <height>224</height>
        <depth>3</depth>
    </size>
    <segmented>0</segmented>
    <object>
    <name>bottle</name>
    <pose>Unspecified</pose>
    <truncated>0</truncated>
    <difficult>0</difficult>
    <bndbox>
        <xmin>66.89592760180994</xmin>
        <ymin>2.0271493212669682</ymin>
        <xmax>157.61085972850677</xmax>
        <ymax>223.99999999999997</ymax>
    </bndbox>
</object>
</annotation>
