<annotation verified="yes">
    <folder>Annotation</folder>
    <filename>bottle_v3_150.jpg</filename>
    <path>Bottle_V3-PascalVOC-export/Annotations/bottle_v3_150.jpg</path>
    <source>
        <database>Unknown</database>
    </source>
    <size>
        <width>224</width>
        <height>224</height>
        <depth>3</depth>
    </size>
    <segmented>0</segmented>
    <object>
    <name>bottle</name>
    <pose>Unspecified</pose>
    <truncated>0</truncated>
    <difficult>0</difficult>
    <bndbox>
        <xmin>79.56561085972851</xmin>
        <ymin>56.25339366515837</ymin>
        <xmax>143.92760180995475</xmax>
        <ymax>193.08597285067873</ymax>
    </bndbox>
</object>
</annotation>
