<annotation verified="yes">
    <folder>Annotation</folder>
    <filename>bottle_v3_130.jpg</filename>
    <path>Bottle_V3-PascalVOC-export/Annotations/bottle_v3_130.jpg</path>
    <source>
        <database>Unknown</database>
    </source>
    <size>
        <width>224</width>
        <height>224</height>
        <depth>3</depth>
    </size>
    <segmented>0</segmented>
    <object>
    <name>bottle</name>
    <pose>Unspecified</pose>
    <truncated>0</truncated>
    <difficult>0</difficult>
    <bndbox>
        <xmin>66.89592760180994</xmin>
        <ymin>45.10407239819004</ymin>
        <xmax>121.6289592760181</xmax>
        <ymax>195.61990950226243</ymax>
    </bndbox>
</object>
</annotation>
