<annotation verified="yes">
    <folder>Annotation</folder>
    <filename>bottle_89.jpg</filename>
    <path>Bottle_v2-PascalVOC-export/Annotations/bottle_89.jpg</path>
    <source>
        <database>Unknown</database>
    </source>
    <size>
        <width>320</width>
        <height>240</height>
        <depth>3</depth>
    </size>
    <segmented>0</segmented>
    <object>
    <name>bottle</name>
    <pose>Unspecified</pose>
    <truncated>0</truncated>
    <difficult>0</difficult>
    <bndbox>
        <xmin>0</xmin>
        <ymin>5.421686746987952</ymin>
        <xmax>90.8499095840868</xmax>
        <ymax>235.59036144578312</ymax>
    </bndbox>
</object>
</annotation>
