<annotation verified="yes">
    <folder>Annotation</folder>
    <filename>bottle_98.jpg</filename>
    <path>Bottle_v2-PascalVOC-export/Annotations/bottle_98.jpg</path>
    <source>
        <database>Unknown</database>
    </source>
    <size>
        <width>320</width>
        <height>240</height>
        <depth>3</depth>
    </size>
    <segmented>0</segmented>
    <object>
    <name>bottle</name>
    <pose>Unspecified</pose>
    <truncated>0</truncated>
    <difficult>0</difficult>
    <bndbox>
        <xmin>128.4629294755877</xmin>
        <ymin>45.325301204819276</ymin>
        <xmax>191.53707052441231</xmax>
        <ymax>201.46987951807228</ymax>
    </bndbox>
</object>
</annotation>
