<annotation verified="yes">
    <folder>Annotation</folder>
    <filename>bottle_133.jpg</filename>
    <path>Bottle_v2-PascalVOC-export/Annotations/bottle_133.jpg</path>
    <source>
        <database>Unknown</database>
    </source>
    <size>
        <width>320</width>
        <height>240</height>
        <depth>3</depth>
    </size>
    <segmented>0</segmented>
    <object>
    <name>bottle</name>
    <pose>Unspecified</pose>
    <truncated>0</truncated>
    <difficult>0</difficult>
    <bndbox>
        <xmin>112.26039783001809</xmin>
        <ymin>107.78313253012048</ymin>
        <xmax>141.19349005424957</xmax>
        <ymax>167.9277108433735</ymax>
    </bndbox>
</object>
</annotation>
