<annotation verified="yes">
    <folder>Annotation</folder>
    <filename>bottle_v3_255.jpg</filename>
    <path>Bottle_V3-PascalVOC-export/Annotations/bottle_v3_255.jpg</path>
    <source>
        <database>Unknown</database>
    </source>
    <size>
        <width>224</width>
        <height>224</height>
        <depth>3</depth>
    </size>
    <segmented>0</segmented>
    <object>
    <name>bottle</name>
    <pose>Unspecified</pose>
    <truncated>0</truncated>
    <difficult>0</difficult>
    <bndbox>
        <xmin>80.57918552036199</xmin>
        <ymin>46.62443438914027</ymin>
        <xmax>134.8054298642534</xmax>
        <ymax>188.52488687782807</ymax>
    </bndbox>
</object>
</annotation>
