<annotation verified="yes">
    <folder>Annotation</folder>
    <filename>bottle_v3_422.jpg</filename>
    <path>Bottle_V3-PascalVOC-export/Annotations/bottle_v3_422.jpg</path>
    <source>
        <database>Unknown</database>
    </source>
    <size>
        <width>224</width>
        <height>224</height>
        <depth>3</depth>
    </size>
    <segmented>0</segmented>
    <object>
    <name>bottle</name>
    <pose>Unspecified</pose>
    <truncated>0</truncated>
    <difficult>0</difficult>
    <bndbox>
        <xmin>63.348416289592755</xmin>
        <ymin>30.407239819004523</ymin>
        <xmax>135.81900452488688</xmax>
        <ymax>200.68778280542986</ymax>
    </bndbox>
</object>
</annotation>
