<annotation verified="yes">
    <folder>Annotation</folder>
    <filename>bottle_v3_1014.jpg</filename>
    <path>Bottle_V3-PascalVOC-export/Annotations/bottle_v3_1014.jpg</path>
    <source>
        <database>Unknown</database>
    </source>
    <size>
        <width>224</width>
        <height>224</height>
        <depth>3</depth>
    </size>
    <segmented>0</segmented>
    <object>
    <name>bottle</name>
    <pose>Unspecified</pose>
    <truncated>0</truncated>
    <difficult>0</difficult>
    <bndbox>
        <xmin>76.01809954751131</xmin>
        <ymin>48.1447963800905</ymin>
        <xmax>131.76470588235293</xmax>
        <ymax>194.0995475113122</ymax>
    </bndbox>
</object>
</annotation>
