<annotation verified="yes">
    <folder>Annotation</folder>
    <filename>bottle_v3_470.jpg</filename>
    <path>Bottle_V3-PascalVOC-export/Annotations/bottle_v3_470.jpg</path>
    <source>
        <database>Unknown</database>
    </source>
    <size>
        <width>224</width>
        <height>224</height>
        <depth>3</depth>
    </size>
    <segmented>0</segmented>
    <object>
    <name>bottle</name>
    <pose>Unspecified</pose>
    <truncated>0</truncated>
    <difficult>0</difficult>
    <bndbox>
        <xmin>84.63348416289593</xmin>
        <ymin>32.94117647058823</ymin>
        <xmax>142.91402714932127</xmax>
        <ymax>196.6334841628959</ymax>
    </bndbox>
</object>
</annotation>
