<annotation verified="yes">
    <folder>Annotation</folder>
    <filename>bottle_v3_166.jpg</filename>
    <path>Bottle_V3-PascalVOC-export/Annotations/bottle_v3_166.jpg</path>
    <source>
        <database>Unknown</database>
    </source>
    <size>
        <width>224</width>
        <height>224</height>
        <depth>3</depth>
    </size>
    <segmented>0</segmented>
    <object>
    <name>bottle</name>
    <pose>Unspecified</pose>
    <truncated>0</truncated>
    <difficult>0</difficult>
    <bndbox>
        <xmin>71.45701357466064</xmin>
        <ymin>55.23981900452488</ymin>
        <xmax>135.81900452488688</xmax>
        <ymax>215.3846153846154</ymax>
    </bndbox>
</object>
</annotation>
