<annotation verified="yes">
    <folder>Annotation</folder>
    <filename>bottle_v3_224.jpg</filename>
    <path>Bottle_V3-PascalVOC-export/Annotations/bottle_v3_224.jpg</path>
    <source>
        <database>Unknown</database>
    </source>
    <size>
        <width>224</width>
        <height>224</height>
        <depth>3</depth>
    </size>
    <segmented>0</segmented>
    <object>
    <name>bottle</name>
    <pose>Unspecified</pose>
    <truncated>0</truncated>
    <difficult>0</difficult>
    <bndbox>
        <xmin>72.97737556561086</xmin>
        <ymin>6.588235294117647</ymin>
        <xmax>144.94117647058823</xmax>
        <ymax>212.85067873303166</ymax>
    </bndbox>
</object>
</annotation>
