<annotation verified="yes">
    <folder>Annotation</folder>
    <filename>bottle_v3_399.jpg</filename>
    <path>Bottle_V3-PascalVOC-export/Annotations/bottle_v3_399.jpg</path>
    <source>
        <database>Unknown</database>
    </source>
    <size>
        <width>224</width>
        <height>224</height>
        <depth>3</depth>
    </size>
    <segmented>0</segmented>
    <object>
    <name>bottle</name>
    <pose>Unspecified</pose>
    <truncated>0</truncated>
    <difficult>0</difficult>
    <bndbox>
        <xmin>106.93212669683257</xmin>
        <ymin>1.5203619909502262</ymin>
        <xmax>187.51131221719456</xmax>
        <ymax>213.86425339366514</ymax>
    </bndbox>
</object>
</annotation>
