<annotation verified="yes">
    <folder>Annotation</folder>
    <filename>bottle_118.jpg</filename>
    <path>Bottle_v2-PascalVOC-export/Annotations/bottle_118.jpg</path>
    <source>
        <database>Unknown</database>
    </source>
    <size>
        <width>320</width>
        <height>240</height>
        <depth>3</depth>
    </size>
    <segmented>0</segmented>
    <object>
    <name>bottle</name>
    <pose>Unspecified</pose>
    <truncated>0</truncated>
    <difficult>0</difficult>
    <bndbox>
        <xmin>131.35623869801086</xmin>
        <ymin>108.93975903614458</ymin>
        <xmax>175.3345388788427</xmax>
        <ymax>224.02409638554218</ymax>
    </bndbox>
</object>
</annotation>
