<annotation verified="yes">
    <folder>Annotation</folder>
    <filename>bottle_207.jpg</filename>
    <path>Bottle_v2-PascalVOC-export/Annotations/bottle_207.jpg</path>
    <source>
        <database>Unknown</database>
    </source>
    <size>
        <width>320</width>
        <height>240</height>
        <depth>3</depth>
    </size>
    <segmented>0</segmented>
    <object>
    <name>bottle</name>
    <pose>Unspecified</pose>
    <truncated>0</truncated>
    <difficult>0</difficult>
    <bndbox>
        <xmin>154.50271247739602</xmin>
        <ymin>112.40963855421687</ymin>
        <xmax>200.21699819168174</xmax>
        <ymax>193.3734939759036</ymax>
    </bndbox>
</object>
</annotation>
