<annotation verified="yes">
    <folder>Annotation</folder>
    <filename>bottle_33.jpg</filename>
    <path>Bottle_v2-PascalVOC-export/Annotations/bottle_33.jpg</path>
    <source>
        <database>Unknown</database>
    </source>
    <size>
        <width>320</width>
        <height>240</height>
        <depth>3</depth>
    </size>
    <segmented>0</segmented>
    <object>
    <name>bottle</name>
    <pose>Unspecified</pose>
    <truncated>0</truncated>
    <difficult>0</difficult>
    <bndbox>
        <xmin>206.00361663652805</xmin>
        <ymin>25.662650602409638</ymin>
        <xmax>224.52079566003619</xmax>
        <ymax>69.6144578313253</ymax>
    </bndbox>
</object>
</annotation>
