<annotation verified="yes">
    <folder>Annotation</folder>
    <filename>bottle_06.jpg</filename>
    <path>Bottle_v2-PascalVOC-export/Annotations/bottle_06.jpg</path>
    <source>
        <database>Unknown</database>
    </source>
    <size>
        <width>320</width>
        <height>240</height>
        <depth>3</depth>
    </size>
    <segmented>0</segmented>
    <object>
    <name>bottle</name>
    <pose>Unspecified</pose>
    <truncated>0</truncated>
    <difficult>0</difficult>
    <bndbox>
        <xmin>137.72151898734177</xmin>
        <ymin>147.6867469879518</ymin>
        <xmax>177.07052441229655</xmax>
        <ymax>240</ymax>
    </bndbox>
</object>
</annotation>
