<annotation verified="yes">
    <folder>Annotation</folder>
    <filename>bottle_v3_168.jpg</filename>
    <path>Bottle_V3-PascalVOC-export/Annotations/bottle_v3_168.jpg</path>
    <source>
        <database>Unknown</database>
    </source>
    <size>
        <width>224</width>
        <height>224</height>
        <depth>3</depth>
    </size>
    <segmented>0</segmented>
    <object>
    <name>bottle</name>
    <pose>Unspecified</pose>
    <truncated>0</truncated>
    <difficult>0</difficult>
    <bndbox>
        <xmin>70.9502262443439</xmin>
        <ymin>59.800904977375566</ymin>
        <xmax>129.73755656108597</xmax>
        <ymax>218.9321266968326</ymax>
    </bndbox>
</object>
</annotation>
