<annotation verified="yes">
    <folder>Annotation</folder>
    <filename>bottle_v3_429.jpg</filename>
    <path>Bottle_V3-PascalVOC-export/Annotations/bottle_v3_429.jpg</path>
    <source>
        <database>Unknown</database>
    </source>
    <size>
        <width>224</width>
        <height>224</height>
        <depth>3</depth>
    </size>
    <segmented>0</segmented>
    <object>
    <name>bottle</name>
    <pose>Unspecified</pose>
    <truncated>0</truncated>
    <difficult>0</difficult>
    <bndbox>
        <xmin>90.20814479638008</xmin>
        <ymin>120.10859728506787</ymin>
        <xmax>127.71040723981899</xmax>
        <ymax>197.14027149321265</ymax>
    </bndbox>
</object>
</annotation>
