<annotation verified="yes">
    <folder>Annotation</folder>
    <filename>bottle_v3_449.jpg</filename>
    <path>Bottle_V3-PascalVOC-export/Annotations/bottle_v3_449.jpg</path>
    <source>
        <database>Unknown</database>
    </source>
    <size>
        <width>224</width>
        <height>224</height>
        <depth>3</depth>
    </size>
    <segmented>0</segmented>
    <object>
    <name>bottle</name>
    <pose>Unspecified</pose>
    <truncated>0</truncated>
    <difficult>0</difficult>
    <bndbox>
        <xmin>86.15384615384615</xmin>
        <ymin>0</ymin>
        <xmax>152.54298642533934</xmax>
        <ymax>186.49773755656108</ymax>
    </bndbox>
</object>
</annotation>
