<annotation verified="yes">
    <folder>Annotation</folder>
    <filename>bottle_214.jpg</filename>
    <path>Bottle_v2-PascalVOC-export/Annotations/bottle_214.jpg</path>
    <source>
        <database>Unknown</database>
    </source>
    <size>
        <width>320</width>
        <height>240</height>
        <depth>3</depth>
    </size>
    <segmented>0</segmented>
    <object>
    <name>bottle</name>
    <pose>Unspecified</pose>
    <truncated>0</truncated>
    <difficult>0</difficult>
    <bndbox>
        <xmin>91.42857142857143</xmin>
        <ymin>23.349397590361445</ymin>
        <xmax>185.750452079566</xmax>
        <ymax>222.289156626506</ymax>
    </bndbox>
</object>
</annotation>
