<annotation verified="yes">
    <folder>Annotation</folder>
    <filename>bottle_116.jpg</filename>
    <path>Bottle_v2-PascalVOC-export/Annotations/bottle_116.jpg</path>
    <source>
        <database>Unknown</database>
    </source>
    <size>
        <width>320</width>
        <height>240</height>
        <depth>3</depth>
    </size>
    <segmented>0</segmented>
    <object>
    <name>bottle</name>
    <pose>Unspecified</pose>
    <truncated>0</truncated>
    <difficult>0</difficult>
    <bndbox>
        <xmin>119.78300180831828</xmin>
        <ymin>43.01204819277108</ymin>
        <xmax>199.05967450271248</xmax>
        <ymax>226.9156626506024</ymax>
    </bndbox>
</object>
</annotation>
