<annotation verified="yes">
    <folder>Annotation</folder>
    <filename>bottle_140.jpg</filename>
    <path>Bottle_v2-PascalVOC-export/Annotations/bottle_140.jpg</path>
    <source>
        <database>Unknown</database>
    </source>
    <size>
        <width>320</width>
        <height>240</height>
        <depth>3</depth>
    </size>
    <segmented>0</segmented>
    <object>
    <name>bottle</name>
    <pose>Unspecified</pose>
    <truncated>0</truncated>
    <difficult>0</difficult>
    <bndbox>
        <xmin>117.46835443037975</xmin>
        <ymin>59.204819277108435</ymin>
        <xmax>163.18264014466547</xmax>
        <ymax>179.49397590361446</ymax>
    </bndbox>
</object>
</annotation>
