<annotation verified="yes">
    <folder>Annotation</folder>
    <filename>bottle_153.jpg</filename>
    <path>Bottle_v2-PascalVOC-export/Annotations/bottle_153.jpg</path>
    <source>
        <database>Unknown</database>
    </source>
    <size>
        <width>320</width>
        <height>240</height>
        <depth>3</depth>
    </size>
    <segmented>0</segmented>
    <object>
    <name>bottle</name>
    <pose>Unspecified</pose>
    <truncated>0</truncated>
    <difficult>0</difficult>
    <bndbox>
        <xmin>109.94575045207957</xmin>
        <ymin>47.63855421686747</ymin>
        <xmax>156.81735985533453</xmax>
        <ymax>168.50602409638554</ymax>
    </bndbox>
</object>
</annotation>
