<annotation verified="yes">
    <folder>Annotation</folder>
    <filename>bottle_v3_226.jpg</filename>
    <path>Bottle_V3-PascalVOC-export/Annotations/bottle_v3_226.jpg</path>
    <source>
        <database>Unknown</database>
    </source>
    <size>
        <width>224</width>
        <height>224</height>
        <depth>3</depth>
    </size>
    <segmented>0</segmented>
    <object>
    <name>bottle</name>
    <pose>Unspecified</pose>
    <truncated>0</truncated>
    <difficult>0</difficult>
    <bndbox>
        <xmin>80.57918552036199</xmin>
        <ymin>6.081447963800905</ymin>
        <xmax>151.02262443438912</xmax>
        <ymax>219.94570135746605</ymax>
    </bndbox>
</object>
</annotation>
