<annotation verified="yes">
    <folder>Annotation</folder>
    <filename>bottle_v3_1027.jpg</filename>
    <path>Bottle_V3-PascalVOC-export/Annotations/bottle_v3_1027.jpg</path>
    <source>
        <database>Unknown</database>
    </source>
    <size>
        <width>224</width>
        <height>224</height>
        <depth>3</depth>
    </size>
    <segmented>0</segmented>
    <object>
    <name>bottle</name>
    <pose>Unspecified</pose>
    <truncated>0</truncated>
    <difficult>0</difficult>
    <bndbox>
        <xmin>19.257918552036198</xmin>
        <ymin>53.212669683257914</ymin>
        <xmax>100.34389140271493</xmax>
        <ymax>211.83710407239818</ymax>
    </bndbox>
</object>
</annotation>
