<annotation verified="yes">
    <folder>Annotation</folder>
    <filename>bottle_v3_201.jpg</filename>
    <path>Bottle_V3-PascalVOC-export/Annotations/bottle_v3_201.jpg</path>
    <source>
        <database>Unknown</database>
    </source>
    <size>
        <width>224</width>
        <height>224</height>
        <depth>3</depth>
    </size>
    <segmented>0</segmented>
    <object>
    <name>bottle</name>
    <pose>Unspecified</pose>
    <truncated>0</truncated>
    <difficult>0</difficult>
    <bndbox>
        <xmin>92.23529411764706</xmin>
        <ymin>73.4841628959276</ymin>
        <xmax>136.83257918552036</xmax>
        <ymax>170.78733031674207</ymax>
    </bndbox>
</object>
</annotation>
