<annotation verified="yes">
    <folder>Annotation</folder>
    <filename>bottle_v3_287.jpg</filename>
    <path>Bottle_V3-PascalVOC-export/Annotations/bottle_v3_287.jpg</path>
    <source>
        <database>Unknown</database>
    </source>
    <size>
        <width>224</width>
        <height>224</height>
        <depth>3</depth>
    </size>
    <segmented>0</segmented>
    <object>
    <name>bottle</name>
    <pose>Unspecified</pose>
    <truncated>0</truncated>
    <difficult>0</difficult>
    <bndbox>
        <xmin>90.71493212669682</xmin>
        <ymin>65.88235294117646</ymin>
        <xmax>125.68325791855202</xmax>
        <ymax>146.46153846153845</ymax>
    </bndbox>
</object>
</annotation>
