<annotation verified="yes">
    <folder>Annotation</folder>
    <filename>bottle_v3_277.jpg</filename>
    <path>Bottle_V3-PascalVOC-export/Annotations/bottle_v3_277.jpg</path>
    <source>
        <database>Unknown</database>
    </source>
    <size>
        <width>224</width>
        <height>224</height>
        <depth>3</depth>
    </size>
    <segmented>0</segmented>
    <object>
    <name>bottle</name>
    <pose>Unspecified</pose>
    <truncated>0</truncated>
    <difficult>0</difficult>
    <bndbox>
        <xmin>71.45701357466064</xmin>
        <ymin>62.334841628959275</ymin>
        <xmax>100.85067873303167</xmax>
        <ymax>136.32579185520362</ymax>
    </bndbox>
</object>
</annotation>
