<annotation verified="yes">
    <folder>Annotation</folder>
    <filename>bottle_v3_362.jpg</filename>
    <path>Bottle_V3-PascalVOC-export/Annotations/bottle_v3_362.jpg</path>
    <source>
        <database>Unknown</database>
    </source>
    <size>
        <width>224</width>
        <height>224</height>
        <depth>3</depth>
    </size>
    <segmented>0</segmented>
    <object>
    <name>bottle</name>
    <pose>Unspecified</pose>
    <truncated>0</truncated>
    <difficult>0</difficult>
    <bndbox>
        <xmin>154.57013574660633</xmin>
        <ymin>89.70135746606334</ymin>
        <xmax>202.20814479638008</xmax>
        <ymax>206.76923076923077</ymax>
    </bndbox>
</object>
</annotation>
