<annotation verified="yes">
    <folder>Annotation</folder>
    <filename>bottle_v3_390.jpg</filename>
    <path>Bottle_V3-PascalVOC-export/Annotations/bottle_v3_390.jpg</path>
    <source>
        <database>Unknown</database>
    </source>
    <size>
        <width>224</width>
        <height>224</height>
        <depth>3</depth>
    </size>
    <segmented>0</segmented>
    <object>
    <name>bottle</name>
    <pose>Unspecified</pose>
    <truncated>0</truncated>
    <difficult>0</difficult>
    <bndbox>
        <xmin>116.56108597285068</xmin>
        <ymin>0.5067873303167421</ymin>
        <xmax>209.30316742081448</xmax>
        <ymax>224</ymax>
    </bndbox>
</object>
</annotation>
