<annotation verified="yes">
    <folder>Annotation</folder>
    <filename>bottle_198.jpg</filename>
    <path>Bottle_v2-PascalVOC-export/Annotations/bottle_198.jpg</path>
    <source>
        <database>Unknown</database>
    </source>
    <size>
        <width>320</width>
        <height>240</height>
        <depth>3</depth>
    </size>
    <segmented>0</segmented>
    <object>
    <name>bottle</name>
    <pose>Unspecified</pose>
    <truncated>0</truncated>
    <difficult>0</difficult>
    <bndbox>
        <xmin>211.79023508137433</xmin>
        <ymin>84.0722891566265</ymin>
        <xmax>254.61121157323691</xmax>
        <ymax>198.57831325301203</ymax>
    </bndbox>
</object>
</annotation>
