<annotation verified="yes">
    <folder>Annotation</folder>
    <filename>bottle_148.jpg</filename>
    <path>Bottle_v2-PascalVOC-export/Annotations/bottle_148.jpg</path>
    <source>
        <database>Unknown</database>
    </source>
    <size>
        <width>320</width>
        <height>240</height>
        <depth>3</depth>
    </size>
    <segmented>0</segmented>
    <object>
    <name>bottle</name>
    <pose>Unspecified</pose>
    <truncated>0</truncated>
    <difficult>0</difficult>
    <bndbox>
        <xmin>102.42314647377938</xmin>
        <ymin>25.08433734939759</ymin>
        <xmax>175.3345388788427</xmax>
        <ymax>177.18072289156626</ymax>
    </bndbox>
</object>
</annotation>
