<annotation verified="yes">
    <folder>Annotation</folder>
    <filename>bottle_v3_430.jpg</filename>
    <path>Bottle_V3-PascalVOC-export/Annotations/bottle_v3_430.jpg</path>
    <source>
        <database>Unknown</database>
    </source>
    <size>
        <width>224</width>
        <height>224</height>
        <depth>3</depth>
    </size>
    <segmented>0</segmented>
    <object>
    <name>bottle</name>
    <pose>Unspecified</pose>
    <truncated>0</truncated>
    <difficult>0</difficult>
    <bndbox>
        <xmin>49.66515837104072</xmin>
        <ymin>61.32126696832579</ymin>
        <xmax>105.41176470588235</xmax>
        <ymax>190.55203619909503</ymax>
    </bndbox>
</object>
</annotation>
