<annotation verified="yes">
    <folder>Annotation</folder>
    <filename>bottle_v3_185.jpg</filename>
    <path>Bottle_V3-PascalVOC-export/Annotations/bottle_v3_185.jpg</path>
    <source>
        <database>Unknown</database>
    </source>
    <size>
        <width>224</width>
        <height>224</height>
        <depth>3</depth>
    </size>
    <segmented>0</segmented>
    <object>
    <name>bottle</name>
    <pose>Unspecified</pose>
    <truncated>0</truncated>
    <difficult>0</difficult>
    <bndbox>
        <xmin>75.51131221719457</xmin>
        <ymin>18.751131221719454</ymin>
        <xmax>160.65158371040724</xmax>
        <ymax>209.80995475113122</ymax>
    </bndbox>
</object>
</annotation>
