<annotation verified="yes">
    <folder>Annotation</folder>
    <filename>bottle_v3_172.jpg</filename>
    <path>Bottle_V3-PascalVOC-export/Annotations/bottle_v3_172.jpg</path>
    <source>
        <database>Unknown</database>
    </source>
    <size>
        <width>224</width>
        <height>224</height>
        <depth>3</depth>
    </size>
    <segmented>0</segmented>
    <object>
    <name>bottle</name>
    <pose>Unspecified</pose>
    <truncated>0</truncated>
    <difficult>0</difficult>
    <bndbox>
        <xmin>69.42986425339366</xmin>
        <ymin>54.73303167420814</ymin>
        <xmax>133.28506787330315</xmax>
        <ymax>216.39819004524887</ymax>
    </bndbox>
</object>
</annotation>
