<annotation verified="yes">
    <folder>Annotation</folder>
    <filename>bottle_52.jpg</filename>
    <path>Bottle_v2-PascalVOC-export/Annotations/bottle_52.jpg</path>
    <source>
        <database>Unknown</database>
    </source>
    <size>
        <width>320</width>
        <height>240</height>
        <depth>3</depth>
    </size>
    <segmented>0</segmented>
    <object>
    <name>bottle</name>
    <pose>Unspecified</pose>
    <truncated>0</truncated>
    <difficult>0</difficult>
    <bndbox>
        <xmin>93.16455696202532</xmin>
        <ymin>117.6144578313253</ymin>
        <xmax>127.30560578661844</xmax>
        <ymax>228.07228915662648</ymax>
    </bndbox>
</object>
</annotation>
