<annotation verified="yes">
    <folder>Annotation</folder>
    <filename>bottle_v3_147.jpg</filename>
    <path>Bottle_V3-PascalVOC-export/Annotations/bottle_v3_147.jpg</path>
    <source>
        <database>Unknown</database>
    </source>
    <size>
        <width>224</width>
        <height>224</height>
        <depth>3</depth>
    </size>
    <segmented>0</segmented>
    <object>
    <name>bottle</name>
    <pose>Unspecified</pose>
    <truncated>0</truncated>
    <difficult>0</difficult>
    <bndbox>
        <xmin>77.53846153846153</xmin>
        <ymin>75.51131221719457</ymin>
        <xmax>135.3122171945701</xmax>
        <ymax>198.66063348416287</ymax>
    </bndbox>
</object>
</annotation>
