<annotation verified="yes">
    <folder>Annotation</folder>
    <filename>bottle_v3_439.jpg</filename>
    <path>Bottle_V3-PascalVOC-export/Annotations/bottle_v3_439.jpg</path>
    <source>
        <database>Unknown</database>
    </source>
    <size>
        <width>224</width>
        <height>224</height>
        <depth>3</depth>
    </size>
    <segmented>0</segmented>
    <object>
    <name>bottle</name>
    <pose>Unspecified</pose>
    <truncated>0</truncated>
    <difficult>0</difficult>
    <bndbox>
        <xmin>72.47058823529412</xmin>
        <ymin>33.44796380090497</ymin>
        <xmax>142.40723981900453</xmax>
        <ymax>183.4570135746606</ymax>
    </bndbox>
</object>
</annotation>
