<annotation verified="yes">
    <folder>Annotation</folder>
    <filename>bottle_v3_239.jpg</filename>
    <path>Bottle_V3-PascalVOC-export/Annotations/bottle_v3_239.jpg</path>
    <source>
        <database>Unknown</database>
    </source>
    <size>
        <width>224</width>
        <height>224</height>
        <depth>3</depth>
    </size>
    <segmented>0</segmented>
    <object>
    <name>bottle</name>
    <pose>Unspecified</pose>
    <truncated>0</truncated>
    <difficult>0</difficult>
    <bndbox>
        <xmin>56.76018099547511</xmin>
        <ymin>38.009049773755656</ymin>
        <xmax>180.41628959276017</xmax>
        <ymax>222.47963800904978</ymax>
    </bndbox>
</object>
</annotation>
