<annotation verified="yes">
    <folder>Annotation</folder>
    <filename>bottle_v3_418.jpg</filename>
    <path>Bottle_V3-PascalVOC-export/Annotations/bottle_v3_418.jpg</path>
    <source>
        <database>Unknown</database>
    </source>
    <size>
        <width>224</width>
        <height>224</height>
        <depth>3</depth>
    </size>
    <segmented>0</segmented>
    <object>
    <name>bottle</name>
    <pose>Unspecified</pose>
    <truncated>0</truncated>
    <difficult>0</difficult>
    <bndbox>
        <xmin>52.199095022624434</xmin>
        <ymin>10.135746606334841</ymin>
        <xmax>124.16289592760181</xmax>
        <ymax>188.0180995475113</ymax>
    </bndbox>
</object>
</annotation>
