<annotation verified="yes">
    <folder>Annotation</folder>
    <filename>bottle_154.jpg</filename>
    <path>Bottle_v2-PascalVOC-export/Annotations/bottle_154.jpg</path>
    <source>
        <database>Unknown</database>
    </source>
    <size>
        <width>320</width>
        <height>240</height>
        <depth>3</depth>
    </size>
    <segmented>0</segmented>
    <object>
    <name>bottle</name>
    <pose>Unspecified</pose>
    <truncated>0</truncated>
    <difficult>0</difficult>
    <bndbox>
        <xmin>226.8354430379747</xmin>
        <ymin>89.27710843373494</ymin>
        <xmax>292.22423146473784</xmax>
        <ymax>240</ymax>
    </bndbox>
</object>
</annotation>
