<annotation verified="yes">
    <folder>Annotation</folder>
    <filename>bottle_v3_112.jpg</filename>
    <path>Bottle_V3-PascalVOC-export/Annotations/bottle_v3_112.jpg</path>
    <source>
        <database>Unknown</database>
    </source>
    <size>
        <width>224</width>
        <height>224</height>
        <depth>3</depth>
    </size>
    <segmented>0</segmented>
    <object>
    <name>bottle</name>
    <pose>Unspecified</pose>
    <truncated>0</truncated>
    <difficult>0</difficult>
    <bndbox>
        <xmin>90.20814479638008</xmin>
        <ymin>35.47511312217195</ymin>
        <xmax>147.47511312217193</xmax>
        <ymax>189.0316742081448</ymax>
    </bndbox>
</object>
</annotation>
