<annotation verified="yes">
    <folder>Annotation</folder>
    <filename>bottle_115.jpg</filename>
    <path>Bottle_v2-PascalVOC-export/Annotations/bottle_115.jpg</path>
    <source>
        <database>Unknown</database>
    </source>
    <size>
        <width>320</width>
        <height>240</height>
        <depth>3</depth>
    </size>
    <segmented>0</segmented>
    <object>
    <name>bottle</name>
    <pose>Unspecified</pose>
    <truncated>0</truncated>
    <difficult>0</difficult>
    <bndbox>
        <xmin>121.51898734177216</xmin>
        <ymin>86.38554216867469</ymin>
        <xmax>169.5479204339964</xmax>
        <ymax>201.46987951807228</ymax>
    </bndbox>
</object>
</annotation>
