<annotation verified="yes">
    <folder>Annotation</folder>
    <filename>bottle_v3_425.jpg</filename>
    <path>Bottle_V3-PascalVOC-export/Annotations/bottle_v3_425.jpg</path>
    <source>
        <database>Unknown</database>
    </source>
    <size>
        <width>224</width>
        <height>224</height>
        <depth>3</depth>
    </size>
    <segmented>0</segmented>
    <object>
    <name>bottle</name>
    <pose>Unspecified</pose>
    <truncated>0</truncated>
    <difficult>0</difficult>
    <bndbox>
        <xmin>93.24886877828054</xmin>
        <ymin>26.352941176470587</ymin>
        <xmax>157.6108597285068</xmax>
        <ymax>178.3891402714932</ymax>
    </bndbox>
</object>
</annotation>
