<annotation verified="yes">
    <folder>Annotation</folder>
    <filename>bottle_v3_1018.jpg</filename>
    <path>Bottle_V3-PascalVOC-export/Annotations/bottle_v3_1018.jpg</path>
    <source>
        <database>Unknown</database>
    </source>
    <size>
        <width>224</width>
        <height>224</height>
        <depth>3</depth>
    </size>
    <segmented>0</segmented>
    <object>
    <name>bottle</name>
    <pose>Unspecified</pose>
    <truncated>0</truncated>
    <difficult>0</difficult>
    <bndbox>
        <xmin>115.04072398190044</xmin>
        <ymin>1.0135746606334841</ymin>
        <xmax>206.262443438914</xmax>
        <ymax>222.9864253393665</ymax>
    </bndbox>
</object>
</annotation>
