<annotation verified="yes">
    <folder>Annotation</folder>
    <filename>bottle_v3_106.jpg</filename>
    <path>Bottle_V3-PascalVOC-export/Annotations/bottle_v3_106.jpg</path>
    <source>
        <database>Unknown</database>
    </source>
    <size>
        <width>224</width>
        <height>224</height>
        <depth>3</depth>
    </size>
    <segmented>0</segmented>
    <object>
    <name>bottle</name>
    <pose>Unspecified</pose>
    <truncated>0</truncated>
    <difficult>0</difficult>
    <bndbox>
        <xmin>69.9366515837104</xmin>
        <ymin>30.407239819004523</ymin>
        <xmax>142.91402714932127</xmax>
        <ymax>206.76923076923077</ymax>
    </bndbox>
</object>
</annotation>
