<annotation verified="yes">
    <folder>Annotation</folder>
    <filename>bottle_100.jpg</filename>
    <path>Bottle_v2-PascalVOC-export/Annotations/bottle_100.jpg</path>
    <source>
        <database>Unknown</database>
    </source>
    <size>
        <width>320</width>
        <height>240</height>
        <depth>3</depth>
    </size>
    <segmented>0</segmented>
    <object>
    <name>bottle</name>
    <pose>Unspecified</pose>
    <truncated>0</truncated>
    <difficult>0</difficult>
    <bndbox>
        <xmin>72.33273056057867</xmin>
        <ymin>126.86746987951807</ymin>
        <xmax>138.30018083182642</xmax>
        <ymax>176.6024096385542</ymax>
    </bndbox>
</object>
</annotation>
