<annotation verified="yes">
    <folder>Annotation</folder>
    <filename>bottle_v3_279.jpg</filename>
    <path>Bottle_V3-PascalVOC-export/Annotations/bottle_v3_279.jpg</path>
    <source>
        <database>Unknown</database>
    </source>
    <size>
        <width>224</width>
        <height>224</height>
        <depth>3</depth>
    </size>
    <segmented>0</segmented>
    <object>
    <name>bottle</name>
    <pose>Unspecified</pose>
    <truncated>0</truncated>
    <difficult>0</difficult>
    <bndbox>
        <xmin>75.51131221719457</xmin>
        <ymin>56.76018099547511</ymin>
        <xmax>102.3710407239819</xmax>
        <ymax>132.27149321266967</ymax>
    </bndbox>
</object>
</annotation>
