<annotation verified="yes">
    <folder>Annotation</folder>
    <filename>bottle_79.jpg</filename>
    <path>Bottle_v2-PascalVOC-export/Annotations/bottle_79.jpg</path>
    <source>
        <database>Unknown</database>
    </source>
    <size>
        <width>320</width>
        <height>240</height>
        <depth>3</depth>
    </size>
    <segmented>0</segmented>
    <object>
    <name>bottle</name>
    <pose>Unspecified</pose>
    <truncated>0</truncated>
    <difficult>0</difficult>
    <bndbox>
        <xmin>68.28209764918626</xmin>
        <ymin>62.09638554216867</ymin>
        <xmax>152.76672694394213</xmax>
        <ymax>206.09638554216866</ymax>
    </bndbox>
</object>
</annotation>
