<annotation verified="yes">
    <folder>Annotation</folder>
    <filename>bottle_v3_12.jpg</filename>
    <path>Bottle_V3-PascalVOC-export/Annotations/bottle_v3_12.jpg</path>
    <source>
        <database>Unknown</database>
    </source>
    <size>
        <width>224</width>
        <height>224</height>
        <depth>3</depth>
    </size>
    <segmented>0</segmented>
    <object>
    <name>bottle</name>
    <pose>Unspecified</pose>
    <truncated>0</truncated>
    <difficult>0</difficult>
    <bndbox>
        <xmin>47.63800904977376</xmin>
        <ymin>0</ymin>
        <xmax>138.85972850678732</xmax>
        <ymax>224</ymax>
    </bndbox>
</object>
</annotation>
