<annotation verified="yes">
    <folder>Annotation</folder>
    <filename>bottle_v3_111.jpg</filename>
    <path>Bottle_V3-PascalVOC-export/Annotations/bottle_v3_111.jpg</path>
    <source>
        <database>Unknown</database>
    </source>
    <size>
        <width>224</width>
        <height>224</height>
        <depth>3</depth>
    </size>
    <segmented>0</segmented>
    <object>
    <name>bottle</name>
    <pose>Unspecified</pose>
    <truncated>0</truncated>
    <difficult>0</difficult>
    <bndbox>
        <xmin>92.7420814479638</xmin>
        <ymin>37.50226244343891</ymin>
        <xmax>148.4886877828054</xmax>
        <ymax>188.01809954751133</ymax>
    </bndbox>
</object>
</annotation>
