<annotation verified="yes">
    <folder>Annotation</folder>
    <filename>bottle_v3_192.jpg</filename>
    <path>Bottle_V3-PascalVOC-export/Annotations/bottle_v3_192.jpg</path>
    <source>
        <database>Unknown</database>
    </source>
    <size>
        <width>224</width>
        <height>224</height>
        <depth>3</depth>
    </size>
    <segmented>0</segmented>
    <object>
    <name>bottle</name>
    <pose>Unspecified</pose>
    <truncated>0</truncated>
    <difficult>0</difficult>
    <bndbox>
        <xmin>87.16742081447964</xmin>
        <ymin>55.23981900452488</ymin>
        <xmax>142.40723981900453</xmax>
        <ymax>194.0995475113122</ymax>
    </bndbox>
</object>
</annotation>
