<annotation verified="yes">
    <folder>Annotation</folder>
    <filename>bottle_121.jpg</filename>
    <path>Bottle_v2-PascalVOC-export/Annotations/bottle_121.jpg</path>
    <source>
        <database>Unknown</database>
    </source>
    <size>
        <width>320</width>
        <height>240</height>
        <depth>3</depth>
    </size>
    <segmented>0</segmented>
    <object>
    <name>bottle</name>
    <pose>Unspecified</pose>
    <truncated>0</truncated>
    <difficult>0</difficult>
    <bndbox>
        <xmin>111.10307414104884</xmin>
        <ymin>0.7951807228915663</ymin>
        <xmax>186.90777576853526</xmax>
        <ymax>221.1325301204819</ymax>
    </bndbox>
</object>
</annotation>
