<annotation verified="yes">
    <folder>Annotation</folder>
    <filename>bottle_v3_264.jpg</filename>
    <path>Bottle_V3-PascalVOC-export/Annotations/bottle_v3_264.jpg</path>
    <source>
        <database>Unknown</database>
    </source>
    <size>
        <width>224</width>
        <height>224</height>
        <depth>3</depth>
    </size>
    <segmented>0</segmented>
    <object>
    <name>bottle</name>
    <pose>Unspecified</pose>
    <truncated>0</truncated>
    <difficult>0</difficult>
    <bndbox>
        <xmin>110.9864253393665</xmin>
        <ymin>64.86877828054298</ymin>
        <xmax>178.3891402714932</xmax>
        <ymax>210.8235294117647</ymax>
    </bndbox>
</object>
</annotation>
