<annotation verified="yes">
    <folder>Annotation</folder>
    <filename>bottle_v3_282.jpg</filename>
    <path>Bottle_V3-PascalVOC-export/Annotations/bottle_v3_282.jpg</path>
    <source>
        <database>Unknown</database>
    </source>
    <size>
        <width>224</width>
        <height>224</height>
        <depth>3</depth>
    </size>
    <segmented>0</segmented>
    <object>
    <name>bottle</name>
    <pose>Unspecified</pose>
    <truncated>0</truncated>
    <difficult>0</difficult>
    <bndbox>
        <xmin>85.14027149321267</xmin>
        <ymin>74.49773755656108</ymin>
        <xmax>111.49321266968326</xmax>
        <ymax>141.39366515837102</ymax>
    </bndbox>
</object>
</annotation>
