<annotation verified="yes">
    <folder>Annotation</folder>
    <filename>bottle_80.jpg</filename>
    <path>Bottle_v2-PascalVOC-export/Annotations/bottle_80.jpg</path>
    <source>
        <database>Unknown</database>
    </source>
    <size>
        <width>320</width>
        <height>240</height>
        <depth>3</depth>
    </size>
    <segmented>0</segmented>
    <object>
    <name>bottle</name>
    <pose>Unspecified</pose>
    <truncated>0</truncated>
    <difficult>0</difficult>
    <bndbox>
        <xmin>39.927667269439425</xmin>
        <ymin>99.10843373493975</ymin>
        <xmax>112.83905967450272</xmax>
        <ymax>240</ymax>
    </bndbox>
</object>
</annotation>
