<annotation verified="yes">
    <folder>Annotation</folder>
    <filename>bottle_146.jpg</filename>
    <path>Bottle_v2-PascalVOC-export/Annotations/bottle_146.jpg</path>
    <source>
        <database>Unknown</database>
    </source>
    <size>
        <width>320</width>
        <height>240</height>
        <depth>3</depth>
    </size>
    <segmented>0</segmented>
    <object>
    <name>bottle</name>
    <pose>Unspecified</pose>
    <truncated>0</truncated>
    <difficult>0</difficult>
    <bndbox>
        <xmin>87.95660036166366</xmin>
        <ymin>86.96385542168674</ymin>
        <xmax>144.0867992766727</xmax>
        <ymax>216.50602409638554</ymax>
    </bndbox>
</object>
</annotation>
