<annotation verified="yes">
    <folder>Annotation</folder>
    <filename>bottle_41.jpg</filename>
    <path>Bottle_v2-PascalVOC-export/Annotations/bottle_41.jpg</path>
    <source>
        <database>Unknown</database>
    </source>
    <size>
        <width>320</width>
        <height>240</height>
        <depth>3</depth>
    </size>
    <segmented>0</segmented>
    <object>
    <name>bottle</name>
    <pose>Unspecified</pose>
    <truncated>0</truncated>
    <difficult>0</difficult>
    <bndbox>
        <xmin>211.2115732368897</xmin>
        <ymin>141.9036144578313</ymin>
        <xmax>242.4593128390597</xmax>
        <ymax>239.0602409638554</ymax>
    </bndbox>
</object>
</annotation>
