<annotation verified="yes">
    <folder>Annotation</folder>
    <filename>bottle_141.jpg</filename>
    <path>Bottle_v2-PascalVOC-export/Annotations/bottle_141.jpg</path>
    <source>
        <database>Unknown</database>
    </source>
    <size>
        <width>320</width>
        <height>240</height>
        <depth>3</depth>
    </size>
    <segmented>0</segmented>
    <object>
    <name>bottle</name>
    <pose>Unspecified</pose>
    <truncated>0</truncated>
    <difficult>0</difficult>
    <bndbox>
        <xmin>139.45750452079565</xmin>
        <ymin>11.204819277108433</ymin>
        <xmax>204.26763110307414</xmax>
        <ymax>173.710843373494</ymax>
    </bndbox>
</object>
</annotation>
