<annotation verified="yes">
    <folder>Annotation</folder>
    <filename>bottle_42.jpg</filename>
    <path>Bottle_v2-PascalVOC-export/Annotations/bottle_42.jpg</path>
    <source>
        <database>Unknown</database>
    </source>
    <size>
        <width>320</width>
        <height>240</height>
        <depth>3</depth>
    </size>
    <segmented>0</segmented>
    <object>
    <name>bottle</name>
    <pose>Unspecified</pose>
    <truncated>0</truncated>
    <difficult>0</difficult>
    <bndbox>
        <xmin>222.20614828209767</xmin>
        <ymin>114.72289156626506</ymin>
        <xmax>249.40325497287526</xmax>
        <ymax>176.02409638554218</ymax>
    </bndbox>
</object>
</annotation>
