<annotation verified="yes">
    <folder>Annotation</folder>
    <filename>bottle_v3_454.jpg</filename>
    <path>Bottle_V3-PascalVOC-export/Annotations/bottle_v3_454.jpg</path>
    <source>
        <database>Unknown</database>
    </source>
    <size>
        <width>224</width>
        <height>224</height>
        <depth>3</depth>
    </size>
    <segmented>0</segmented>
    <object>
    <name>bottle</name>
    <pose>Unspecified</pose>
    <truncated>0</truncated>
    <difficult>0</difficult>
    <bndbox>
        <xmin>67.90950226244344</xmin>
        <ymin>32.94117647058823</ymin>
        <xmax>112.50678733031674</xmax>
        <ymax>118.0814479638009</ymax>
    </bndbox>
</object>
</annotation>
