<annotation verified="yes">
    <folder>Annotation</folder>
    <filename>bottle_v3_357.jpg</filename>
    <path>Bottle_V3-PascalVOC-export/Annotations/bottle_v3_357.jpg</path>
    <source>
        <database>Unknown</database>
    </source>
    <size>
        <width>224</width>
        <height>224</height>
        <depth>3</depth>
    </size>
    <segmented>0</segmented>
    <object>
    <name>bottle</name>
    <pose>Unspecified</pose>
    <truncated>0</truncated>
    <difficult>0</difficult>
    <bndbox>
        <xmin>171.80090497737555</xmin>
        <ymin>83.61990950226244</ymin>
        <xmax>218.93212669683257</xmax>
        <ymax>198.15384615384613</ymax>
    </bndbox>
</object>
</annotation>
