<annotation verified="yes">
    <folder>Annotation</folder>
    <filename>bottle_182.jpg</filename>
    <path>Bottle_v2-PascalVOC-export/Annotations/bottle_182.jpg</path>
    <source>
        <database>Unknown</database>
    </source>
    <size>
        <width>320</width>
        <height>240</height>
        <depth>3</depth>
    </size>
    <segmented>0</segmented>
    <object>
    <name>bottle</name>
    <pose>Unspecified</pose>
    <truncated>0</truncated>
    <difficult>0</difficult>
    <bndbox>
        <xmin>150.45207956600362</xmin>
        <ymin>84.65060240963855</ymin>
        <xmax>222.20614828209767</xmax>
        <ymax>165.03614457831324</ymax>
    </bndbox>
</object>
</annotation>
