<annotation verified="yes">
    <folder>Annotation</folder>
    <filename>bottle_v3_477.jpg</filename>
    <path>Bottle_V3-PascalVOC-export/Annotations/bottle_v3_477.jpg</path>
    <source>
        <database>Unknown</database>
    </source>
    <size>
        <width>224</width>
        <height>224</height>
        <depth>3</depth>
    </size>
    <segmented>0</segmented>
    <object>
    <name>bottle</name>
    <pose>Unspecified</pose>
    <truncated>0</truncated>
    <difficult>0</difficult>
    <bndbox>
        <xmin>109.46606334841628</xmin>
        <ymin>0</ymin>
        <xmax>213.86425339366514</xmax>
        <ymax>221.972850678733</ymax>
    </bndbox>
</object>
</annotation>
