<annotation verified="yes">
    <folder>Annotation</folder>
    <filename>bottle_222.jpg</filename>
    <path>Bottle_v2-PascalVOC-export/Annotations/bottle_222.jpg</path>
    <source>
        <database>Unknown</database>
    </source>
    <size>
        <width>320</width>
        <height>240</height>
        <depth>3</depth>
    </size>
    <segmented>0</segmented>
    <object>
    <name>bottle</name>
    <pose>Unspecified</pose>
    <truncated>0</truncated>
    <difficult>0</difficult>
    <bndbox>
        <xmin>178.80650994575046</xmin>
        <ymin>62.67469879518072</ymin>
        <xmax>240.14466546112118</xmax>
        <ymax>207.8313253012048</ymax>
    </bndbox>
</object>
</annotation>
