<annotation verified="yes">
    <folder>Annotation</folder>
    <filename>bottle_v3_335.jpg</filename>
    <path>Bottle_V3-PascalVOC-export/Annotations/bottle_v3_335.jpg</path>
    <source>
        <database>Unknown</database>
    </source>
    <size>
        <width>224</width>
        <height>224</height>
        <depth>3</depth>
    </size>
    <segmented>0</segmented>
    <object>
    <name>bottle</name>
    <pose>Unspecified</pose>
    <truncated>0</truncated>
    <difficult>0</difficult>
    <bndbox>
        <xmin>63.8552036199095</xmin>
        <ymin>36.99547511312217</ymin>
        <xmax>119.60180995475113</xmax>
        <ymax>187.0045248868778</ymax>
    </bndbox>
</object>
</annotation>
