<annotation verified="yes">
    <folder>Annotation</folder>
    <filename>bottle_v3_128.jpg</filename>
    <path>Bottle_V3-PascalVOC-export/Annotations/bottle_v3_128.jpg</path>
    <source>
        <database>Unknown</database>
    </source>
    <size>
        <width>224</width>
        <height>224</height>
        <depth>3</depth>
    </size>
    <segmented>0</segmented>
    <object>
    <name>bottle</name>
    <pose>Unspecified</pose>
    <truncated>0</truncated>
    <difficult>0</difficult>
    <bndbox>
        <xmin>67.4027149321267</xmin>
        <ymin>45.61085972850678</ymin>
        <xmax>121.12217194570135</xmax>
        <ymax>196.12669683257917</ymax>
    </bndbox>
</object>
</annotation>
