<annotation verified="yes">
    <folder>Annotation</folder>
    <filename>bottle_159.jpg</filename>
    <path>Bottle_v2-PascalVOC-export/Annotations/bottle_159.jpg</path>
    <source>
        <database>Unknown</database>
    </source>
    <size>
        <width>320</width>
        <height>240</height>
        <depth>3</depth>
    </size>
    <segmented>0</segmented>
    <object>
    <name>bottle</name>
    <pose>Unspecified</pose>
    <truncated>0</truncated>
    <difficult>0</difficult>
    <bndbox>
        <xmin>123.25497287522604</xmin>
        <ymin>25.08433734939759</ymin>
        <xmax>177.6491862567812</xmax>
        <ymax>156.36144578313252</ymax>
    </bndbox>
</object>
</annotation>
