<annotation verified="yes">
    <folder>Annotation</folder>
    <filename>bottle_v3_325.jpg</filename>
    <path>Bottle_V3-PascalVOC-export/Annotations/bottle_v3_325.jpg</path>
    <source>
        <database>Unknown</database>
    </source>
    <size>
        <width>224</width>
        <height>224</height>
        <depth>3</depth>
    </size>
    <segmented>0</segmented>
    <object>
    <name>bottle</name>
    <pose>Unspecified</pose>
    <truncated>0</truncated>
    <difficult>0</difficult>
    <bndbox>
        <xmin>43.58371040723982</xmin>
        <ymin>54.73303167420814</ymin>
        <xmax>109.46606334841628</xmax>
        <ymax>204.74208144796378</ymax>
    </bndbox>
</object>
</annotation>
