<annotation verified="yes">
    <folder>Annotation</folder>
    <filename>bottle_v3_505.jpg</filename>
    <path>Bottle_V3-PascalVOC-export/Annotations/bottle_v3_505.jpg</path>
    <source>
        <database>Unknown</database>
    </source>
    <size>
        <width>224</width>
        <height>224</height>
        <depth>3</depth>
    </size>
    <segmented>0</segmented>
    <object>
    <name>bottle</name>
    <pose>Unspecified</pose>
    <truncated>0</truncated>
    <difficult>0</difficult>
    <bndbox>
        <xmin>97.80995475113122</xmin>
        <ymin>46.62443438914027</ymin>
        <xmax>192.579185520362</xmax>
        <ymax>190.0452488687783</ymax>
    </bndbox>
</object>
</annotation>
