<annotation verified="yes">
    <folder>Annotation</folder>
    <filename>bottle_v3_508.jpg</filename>
    <path>Bottle_V3-PascalVOC-export/Annotations/bottle_v3_508.jpg</path>
    <source>
        <database>Unknown</database>
    </source>
    <size>
        <width>224</width>
        <height>224</height>
        <depth>3</depth>
    </size>
    <segmented>0</segmented>
    <object>
    <name>bottle</name>
    <pose>Unspecified</pose>
    <truncated>0</truncated>
    <difficult>0</difficult>
    <bndbox>
        <xmin>114.5339366515837</xmin>
        <ymin>83.11312217194569</ymin>
        <xmax>162.6787330316742</xmax>
        <ymax>167.7466063348416</ymax>
    </bndbox>
</object>
</annotation>
