<annotation verified="yes">
    <folder>Annotation</folder>
    <filename>bottle_v3_109.jpg</filename>
    <path>Bottle_V3-PascalVOC-export/Annotations/bottle_v3_109.jpg</path>
    <source>
        <database>Unknown</database>
    </source>
    <size>
        <width>224</width>
        <height>224</height>
        <depth>3</depth>
    </size>
    <segmented>0</segmented>
    <object>
    <name>bottle</name>
    <pose>Unspecified</pose>
    <truncated>0</truncated>
    <difficult>0</difficult>
    <bndbox>
        <xmin>98.8235294117647</xmin>
        <ymin>29.39366515837104</ymin>
        <xmax>159.13122171945702</xmax>
        <ymax>184.97737556561086</ymax>
    </bndbox>
</object>
</annotation>
