<annotation verified="yes">
    <folder>Annotation</folder>
    <filename>bottle_v3_211.jpg</filename>
    <path>Bottle_V3-PascalVOC-export/Annotations/bottle_v3_211.jpg</path>
    <source>
        <database>Unknown</database>
    </source>
    <size>
        <width>224</width>
        <height>224</height>
        <depth>3</depth>
    </size>
    <segmented>0</segmented>
    <object>
    <name>bottle</name>
    <pose>Unspecified</pose>
    <truncated>0</truncated>
    <difficult>0</difficult>
    <bndbox>
        <xmin>59.800904977375566</xmin>
        <ymin>2.5339366515837103</ymin>
        <xmax>152.03619909502262</xmax>
        <ymax>209.80995475113122</ymax>
    </bndbox>
</object>
</annotation>
