<annotation verified="yes">
    <folder>Annotation</folder>
    <filename>bottle_v3_125.jpg</filename>
    <path>Bottle_V3-PascalVOC-export/Annotations/bottle_v3_125.jpg</path>
    <source>
        <database>Unknown</database>
    </source>
    <size>
        <width>224</width>
        <height>224</height>
        <depth>3</depth>
    </size>
    <segmented>0</segmented>
    <object>
    <name>bottle</name>
    <pose>Unspecified</pose>
    <truncated>0</truncated>
    <difficult>0</difficult>
    <bndbox>
        <xmin>42.06334841628959</xmin>
        <ymin>0.5067873303167421</ymin>
        <xmax>126.19004524886878</xmax>
        <ymax>201.1945701357466</ymax>
    </bndbox>
</object>
</annotation>
