<annotation verified="yes">
    <folder>Annotation</folder>
    <filename>bottle_210.jpg</filename>
    <path>Bottle_v2-PascalVOC-export/Annotations/bottle_210.jpg</path>
    <source>
        <database>Unknown</database>
    </source>
    <size>
        <width>320</width>
        <height>240</height>
        <depth>3</depth>
    </size>
    <segmented>0</segmented>
    <object>
    <name>bottle</name>
    <pose>Unspecified</pose>
    <truncated>0</truncated>
    <difficult>0</difficult>
    <bndbox>
        <xmin>109.36708860759494</xmin>
        <ymin>123.97590361445782</ymin>
        <xmax>133.67088607594937</xmax>
        <ymax>182.96385542168673</ymax>
    </bndbox>
</object>
</annotation>
