<annotation verified="yes">
    <folder>Annotation</folder>
    <filename>bottle_v3_364.jpg</filename>
    <path>Bottle_V3-PascalVOC-export/Annotations/bottle_v3_364.jpg</path>
    <source>
        <database>Unknown</database>
    </source>
    <size>
        <width>224</width>
        <height>224</height>
        <depth>3</depth>
    </size>
    <segmented>0</segmented>
    <object>
    <name>bottle</name>
    <pose>Unspecified</pose>
    <truncated>0</truncated>
    <difficult>0</difficult>
    <bndbox>
        <xmin>144.4343891402715</xmin>
        <ymin>84.12669683257919</ymin>
        <xmax>190.55203619909503</xmax>
        <ymax>204.23529411764707</ymax>
    </bndbox>
</object>
</annotation>
