<annotation verified="yes">
    <folder>Annotation</folder>
    <filename>bottle_v3_139.jpg</filename>
    <path>Bottle_V3-PascalVOC-export/Annotations/bottle_v3_139.jpg</path>
    <source>
        <database>Unknown</database>
    </source>
    <size>
        <width>224</width>
        <height>224</height>
        <depth>3</depth>
    </size>
    <segmented>0</segmented>
    <object>
    <name>bottle</name>
    <pose>Unspecified</pose>
    <truncated>0</truncated>
    <difficult>0</difficult>
    <bndbox>
        <xmin>77.03167420814479</xmin>
        <ymin>40.542986425339365</ymin>
        <xmax>141.39366515837105</xmax>
        <ymax>208.289592760181</ymax>
    </bndbox>
</object>
</annotation>
