<annotation verified="yes">
    <folder>Annotation</folder>
    <filename>bottle_v3_223.jpg</filename>
    <path>Bottle_V3-PascalVOC-export/Annotations/bottle_v3_223.jpg</path>
    <source>
        <database>Unknown</database>
    </source>
    <size>
        <width>224</width>
        <height>224</height>
        <depth>3</depth>
    </size>
    <segmented>0</segmented>
    <object>
    <name>bottle</name>
    <pose>Unspecified</pose>
    <truncated>0</truncated>
    <difficult>0</difficult>
    <bndbox>
        <xmin>77.03167420814479</xmin>
        <ymin>8.108597285067873</ymin>
        <xmax>146.46153846153845</xmax>
        <ymax>216.39819004524887</ymax>
    </bndbox>
</object>
</annotation>
