<annotation verified="yes">
    <folder>Annotation</folder>
    <filename>bottle_164.jpg</filename>
    <path>Bottle_v2-PascalVOC-export/Annotations/bottle_164.jpg</path>
    <source>
        <database>Unknown</database>
    </source>
    <size>
        <width>320</width>
        <height>240</height>
        <depth>3</depth>
    </size>
    <segmented>0</segmented>
    <object>
    <name>bottle</name>
    <pose>Unspecified</pose>
    <truncated>0</truncated>
    <difficult>0</difficult>
    <bndbox>
        <xmin>196.74502712477397</xmin>
        <ymin>125.71084337349397</ymin>
        <xmax>227.99276672694396</xmax>
        <ymax>202.04819277108433</ymax>
    </bndbox>
</object>
</annotation>
