<annotation verified="yes">
    <folder>Annotation</folder>
    <filename>bottle_123.jpg</filename>
    <path>Bottle_v2-PascalVOC-export/Annotations/bottle_123.jpg</path>
    <source>
        <database>Unknown</database>
    </source>
    <size>
        <width>320</width>
        <height>240</height>
        <depth>3</depth>
    </size>
    <segmented>0</segmented>
    <object>
    <name>bottle</name>
    <pose>Unspecified</pose>
    <truncated>0</truncated>
    <difficult>0</difficult>
    <bndbox>
        <xmin>126.14828209764919</xmin>
        <ymin>101.42168674698794</ymin>
        <xmax>151.03074141048825</xmax>
        <ymax>167.34939759036143</ymax>
    </bndbox>
</object>
</annotation>
