<annotation verified="yes">
    <folder>Annotation</folder>
    <filename>bottle_v3_299.jpg</filename>
    <path>Bottle_V3-PascalVOC-export/Annotations/bottle_v3_299.jpg</path>
    <source>
        <database>Unknown</database>
    </source>
    <size>
        <width>224</width>
        <height>224</height>
        <depth>3</depth>
    </size>
    <segmented>0</segmented>
    <object>
    <name>bottle</name>
    <pose>Unspecified</pose>
    <truncated>0</truncated>
    <difficult>0</difficult>
    <bndbox>
        <xmin>64.36199095022624</xmin>
        <ymin>21.285067873303166</ymin>
        <xmax>143.92760180995475</xmax>
        <ymax>215.89140271493213</ymax>
    </bndbox>
</object>
</annotation>
