<annotation verified="yes">
    <folder>Annotation</folder>
    <filename>bottle_v3_342.jpg</filename>
    <path>Bottle_V3-PascalVOC-export/Annotations/bottle_v3_342.jpg</path>
    <source>
        <database>Unknown</database>
    </source>
    <size>
        <width>224</width>
        <height>224</height>
        <depth>3</depth>
    </size>
    <segmented>0</segmented>
    <object>
    <name>bottle</name>
    <pose>Unspecified</pose>
    <truncated>0</truncated>
    <difficult>0</difficult>
    <bndbox>
        <xmin>75.51131221719457</xmin>
        <ymin>41.049773755656105</ymin>
        <xmax>131.76470588235293</xmax>
        <ymax>190.04524886877826</ymax>
    </bndbox>
</object>
</annotation>
