<annotation verified="yes">
    <folder>Annotation</folder>
    <filename>bottle_73.jpg</filename>
    <path>Bottle_v2-PascalVOC-export/Annotations/bottle_73.jpg</path>
    <source>
        <database>Unknown</database>
    </source>
    <size>
        <width>320</width>
        <height>240</height>
        <depth>3</depth>
    </size>
    <segmented>0</segmented>
    <object>
    <name>bottle</name>
    <pose>Unspecified</pose>
    <truncated>0</truncated>
    <difficult>0</difficult>
    <bndbox>
        <xmin>56.708860759493675</xmin>
        <ymin>71.34939759036145</ymin>
        <xmax>126.14828209764919</xmax>
        <ymax>240</ymax>
    </bndbox>
</object>
</annotation>
