<annotation verified="yes">
    <folder>Annotation</folder>
    <filename>bottle_v3_494.jpg</filename>
    <path>Bottle_V3-PascalVOC-export/Annotations/bottle_v3_494.jpg</path>
    <source>
        <database>Unknown</database>
    </source>
    <size>
        <width>224</width>
        <height>224</height>
        <depth>3</depth>
    </size>
    <segmented>0</segmented>
    <object>
    <name>bottle</name>
    <pose>Unspecified</pose>
    <truncated>0</truncated>
    <difficult>0</difficult>
    <bndbox>
        <xmin>75.51131221719457</xmin>
        <ymin>32.94117647058823</ymin>
        <xmax>136.32579185520362</xmax>
        <ymax>185.4841628959276</ymax>
    </bndbox>
</object>
</annotation>
