<annotation verified="yes">
    <folder>Annotation</folder>
    <filename>bottle_142.jpg</filename>
    <path>Bottle_v2-PascalVOC-export/Annotations/bottle_142.jpg</path>
    <source>
        <database>Unknown</database>
    </source>
    <size>
        <width>320</width>
        <height>240</height>
        <depth>3</depth>
    </size>
    <segmented>0</segmented>
    <object>
    <name>bottle</name>
    <pose>Unspecified</pose>
    <truncated>0</truncated>
    <difficult>0</difficult>
    <bndbox>
        <xmin>141.7721518987342</xmin>
        <ymin>102</ymin>
        <xmax>184.59312839059675</xmax>
        <ymax>210.72289156626505</ymax>
    </bndbox>
</object>
</annotation>
