<annotation verified="yes">
    <folder>Annotation</folder>
    <filename>bottle_v3_367.jpg</filename>
    <path>Bottle_V3-PascalVOC-export/Annotations/bottle_v3_367.jpg</path>
    <source>
        <database>Unknown</database>
    </source>
    <size>
        <width>224</width>
        <height>224</height>
        <depth>3</depth>
    </size>
    <segmented>0</segmented>
    <object>
    <name>bottle</name>
    <pose>Unspecified</pose>
    <truncated>0</truncated>
    <difficult>0</difficult>
    <bndbox>
        <xmin>118.0814479638009</xmin>
        <ymin>94.76923076923076</ymin>
        <xmax>165.2126696832579</xmax>
        <ymax>215.38461538461536</ymax>
    </bndbox>
</object>
</annotation>
