<annotation verified="yes">
    <folder>Annotation</folder>
    <filename>bottle_v3_377.jpg</filename>
    <path>Bottle_V3-PascalVOC-export/Annotations/bottle_v3_377.jpg</path>
    <source>
        <database>Unknown</database>
    </source>
    <size>
        <width>224</width>
        <height>224</height>
        <depth>3</depth>
    </size>
    <segmented>0</segmented>
    <object>
    <name>bottle</name>
    <pose>Unspecified</pose>
    <truncated>0</truncated>
    <difficult>0</difficult>
    <bndbox>
        <xmin>54.2262443438914</xmin>
        <ymin>15.710407239819004</ymin>
        <xmax>123.65610859728505</xmax>
        <ymax>208.79638009049773</ymax>
    </bndbox>
</object>
</annotation>
