<annotation verified="yes">
    <folder>Annotation</folder>
    <filename>bottle_v3_275.jpg</filename>
    <path>Bottle_V3-PascalVOC-export/Annotations/bottle_v3_275.jpg</path>
    <source>
        <database>Unknown</database>
    </source>
    <size>
        <width>224</width>
        <height>224</height>
        <depth>3</depth>
    </size>
    <segmented>0</segmented>
    <object>
    <name>bottle</name>
    <pose>Unspecified</pose>
    <truncated>0</truncated>
    <difficult>0</difficult>
    <bndbox>
        <xmin>75.00452488687782</xmin>
        <ymin>66.3891402714932</ymin>
        <xmax>113.52036199095022</xmax>
        <ymax>157.61085972850677</ymax>
    </bndbox>
</object>
</annotation>
