<annotation verified="yes">
    <folder>Annotation</folder>
    <filename>bottle_v3_466.jpg</filename>
    <path>Bottle_V3-PascalVOC-export/Annotations/bottle_v3_466.jpg</path>
    <source>
        <database>Unknown</database>
    </source>
    <size>
        <width>224</width>
        <height>224</height>
        <depth>3</depth>
    </size>
    <segmented>0</segmented>
    <object>
    <name>bottle</name>
    <pose>Unspecified</pose>
    <truncated>0</truncated>
    <difficult>0</difficult>
    <bndbox>
        <xmin>73.99095022624434</xmin>
        <ymin>27.873303167420815</ymin>
        <xmax>143.92760180995475</xmax>
        <ymax>199.1674208144796</ymax>
    </bndbox>
</object>
</annotation>
