<annotation verified="yes">
    <folder>Annotation</folder>
    <filename>bottle_v3_285.jpg</filename>
    <path>Bottle_V3-PascalVOC-export/Annotations/bottle_v3_285.jpg</path>
    <source>
        <database>Unknown</database>
    </source>
    <size>
        <width>224</width>
        <height>224</height>
        <depth>3</depth>
    </size>
    <segmented>0</segmented>
    <object>
    <name>bottle</name>
    <pose>Unspecified</pose>
    <truncated>0</truncated>
    <difficult>0</difficult>
    <bndbox>
        <xmin>83.61990950226244</xmin>
        <ymin>74.49773755656108</ymin>
        <xmax>114.5339366515837</xmax>
        <ymax>145.9547511312217</ymax>
    </bndbox>
</object>
</annotation>
