<annotation verified="yes">
    <folder>Annotation</folder>
    <filename>bottle_119.jpg</filename>
    <path>Bottle_v2-PascalVOC-export/Annotations/bottle_119.jpg</path>
    <source>
        <database>Unknown</database>
    </source>
    <size>
        <width>320</width>
        <height>240</height>
        <depth>3</depth>
    </size>
    <segmented>0</segmented>
    <object>
    <name>bottle</name>
    <pose>Unspecified</pose>
    <truncated>0</truncated>
    <difficult>0</difficult>
    <bndbox>
        <xmin>111.68173598553346</xmin>
        <ymin>112.98795180722891</ymin>
        <xmax>168.39059674502715</xmax>
        <ymax>240</ymax>
    </bndbox>
</object>
</annotation>
