<annotation verified="yes">
    <folder>Annotation</folder>
    <filename>bottle_v3_340.jpg</filename>
    <path>Bottle_V3-PascalVOC-export/Annotations/bottle_v3_340.jpg</path>
    <source>
        <database>Unknown</database>
    </source>
    <size>
        <width>224</width>
        <height>224</height>
        <depth>3</depth>
    </size>
    <segmented>0</segmented>
    <object>
    <name>bottle</name>
    <pose>Unspecified</pose>
    <truncated>0</truncated>
    <difficult>0</difficult>
    <bndbox>
        <xmin>68.41628959276018</xmin>
        <ymin>38.515837104072396</ymin>
        <xmax>130.2443438914027</xmax>
        <ymax>193.08597285067873</ymax>
    </bndbox>
</object>
</annotation>
