<annotation verified="yes">
    <folder>Annotation</folder>
    <filename>bottle_57.jpg</filename>
    <path>Bottle_v2-PascalVOC-export/Annotations/bottle_57.jpg</path>
    <source>
        <database>Unknown</database>
    </source>
    <size>
        <width>320</width>
        <height>240</height>
        <depth>3</depth>
    </size>
    <segmented>0</segmented>
    <object>
    <name>bottle</name>
    <pose>Unspecified</pose>
    <truncated>0</truncated>
    <difficult>0</difficult>
    <bndbox>
        <xmin>124.4122965641953</xmin>
        <ymin>1.3734939759036144</ymin>
        <xmax>179.96383363471972</xmax>
        <ymax>156.36144578313252</ymax>
    </bndbox>
</object>
</annotation>
