<annotation verified="yes">
    <folder>Annotation</folder>
    <filename>bottle_v3_398.jpg</filename>
    <path>Bottle_V3-PascalVOC-export/Annotations/bottle_v3_398.jpg</path>
    <source>
        <database>Unknown</database>
    </source>
    <size>
        <width>224</width>
        <height>224</height>
        <depth>3</depth>
    </size>
    <segmented>0</segmented>
    <object>
    <name>bottle</name>
    <pose>Unspecified</pose>
    <truncated>0</truncated>
    <difficult>0</difficult>
    <bndbox>
        <xmin>104.39819004524887</xmin>
        <ymin>1.0135746606334841</ymin>
        <xmax>183.96380090497738</xmax>
        <ymax>213.3574660633484</ymax>
    </bndbox>
</object>
</annotation>
