<annotation verified="yes">
    <folder>Annotation</folder>
    <filename>bottle_220.jpg</filename>
    <path>Bottle_v2-PascalVOC-export/Annotations/bottle_220.jpg</path>
    <source>
        <database>Unknown</database>
    </source>
    <size>
        <width>320</width>
        <height>240</height>
        <depth>3</depth>
    </size>
    <segmented>0</segmented>
    <object>
    <name>bottle</name>
    <pose>Unspecified</pose>
    <truncated>0</truncated>
    <difficult>0</difficult>
    <bndbox>
        <xmin>135.40687160940325</xmin>
        <ymin>64.40963855421687</ymin>
        <xmax>190.9584086799277</xmax>
        <ymax>222.28915662650604</ymax>
    </bndbox>
</object>
</annotation>
