<annotation verified="yes">
    <folder>Annotation</folder>
    <filename>bottle_181.jpg</filename>
    <path>Bottle_v2-PascalVOC-export/Annotations/bottle_181.jpg</path>
    <source>
        <database>Unknown</database>
    </source>
    <size>
        <width>320</width>
        <height>240</height>
        <depth>3</depth>
    </size>
    <segmented>0</segmented>
    <object>
    <name>bottle</name>
    <pose>Unspecified</pose>
    <truncated>0</truncated>
    <difficult>0</difficult>
    <bndbox>
        <xmin>177.6491862567812</xmin>
        <ymin>87.54216867469879</ymin>
        <xmax>229.72875226039784</xmax>
        <ymax>179.49397590361446</ymax>
    </bndbox>
</object>
</annotation>
