<annotation verified="yes">
    <folder>Annotation</folder>
    <filename>bottle_143.jpg</filename>
    <path>Bottle_v2-PascalVOC-export/Annotations/bottle_143.jpg</path>
    <source>
        <database>Unknown</database>
    </source>
    <size>
        <width>320</width>
        <height>240</height>
        <depth>3</depth>
    </size>
    <segmented>0</segmented>
    <object>
    <name>bottle</name>
    <pose>Unspecified</pose>
    <truncated>0</truncated>
    <difficult>0</difficult>
    <bndbox>
        <xmin>153.9240506329114</xmin>
        <ymin>0</ymin>
        <xmax>201.95298372513562</xmax>
        <ymax>132.65060240963854</ymax>
    </bndbox>
</object>
</annotation>
