<annotation verified="yes">
    <folder>Annotation</folder>
    <filename>bottle_v3_136.jpg</filename>
    <path>Bottle_V3-PascalVOC-export/Annotations/bottle_v3_136.jpg</path>
    <source>
        <database>Unknown</database>
    </source>
    <size>
        <width>224</width>
        <height>224</height>
        <depth>3</depth>
    </size>
    <segmented>0</segmented>
    <object>
    <name>bottle</name>
    <pose>Unspecified</pose>
    <truncated>0</truncated>
    <difficult>0</difficult>
    <bndbox>
        <xmin>63.8552036199095</xmin>
        <ymin>42.57013574660633</ymin>
        <xmax>130.2443438914027</xmax>
        <ymax>206.76923076923075</ymax>
    </bndbox>
</object>
</annotation>
