<annotation verified="yes">
    <folder>Annotation</folder>
    <filename>bottle_v3_124.jpg</filename>
    <path>Bottle_V3-PascalVOC-export/Annotations/bottle_v3_124.jpg</path>
    <source>
        <database>Unknown</database>
    </source>
    <size>
        <width>224</width>
        <height>224</height>
        <depth>3</depth>
    </size>
    <segmented>0</segmented>
    <object>
    <name>bottle</name>
    <pose>Unspecified</pose>
    <truncated>0</truncated>
    <difficult>0</difficult>
    <bndbox>
        <xmin>44.09049773755656</xmin>
        <ymin>5.067873303167421</ymin>
        <xmax>127.710407239819</xmax>
        <ymax>200.18099547511312</ymax>
    </bndbox>
</object>
</annotation>
