<annotation verified="yes">
    <folder>Annotation</folder>
    <filename>bottle_v3_511.jpg</filename>
    <path>Bottle_V3-PascalVOC-export/Annotations/bottle_v3_511.jpg</path>
    <source>
        <database>Unknown</database>
    </source>
    <size>
        <width>224</width>
        <height>224</height>
        <depth>3</depth>
    </size>
    <segmented>0</segmented>
    <object>
    <name>bottle</name>
    <pose>Unspecified</pose>
    <truncated>0</truncated>
    <difficult>0</difficult>
    <bndbox>
        <xmin>79.56561085972851</xmin>
        <ymin>82.60633484162895</ymin>
        <xmax>136.83257918552036</xmax>
        <ymax>200.68778280542983</ymax>
    </bndbox>
</object>
</annotation>
