<annotation verified="yes">
    <folder>Annotation</folder>
    <filename>bottle_v3_288.jpg</filename>
    <path>Bottle_V3-PascalVOC-export/Annotations/bottle_v3_288.jpg</path>
    <source>
        <database>Unknown</database>
    </source>
    <size>
        <width>224</width>
        <height>224</height>
        <depth>3</depth>
    </size>
    <segmented>0</segmented>
    <object>
    <name>bottle</name>
    <pose>Unspecified</pose>
    <truncated>0</truncated>
    <difficult>0</difficult>
    <bndbox>
        <xmin>95.78280542986425</xmin>
        <ymin>71.96380090497738</ymin>
        <xmax>129.23076923076923</xmax>
        <ymax>152.54298642533936</ymax>
    </bndbox>
</object>
</annotation>
