<annotation verified="yes">
    <folder>Annotation</folder>
    <filename>bottle_07.jpg</filename>
    <path>Bottle_v2-PascalVOC-export/Annotations/bottle_07.jpg</path>
    <source>
        <database>Unknown</database>
    </source>
    <size>
        <width>320</width>
        <height>240</height>
        <depth>3</depth>
    </size>
    <segmented>0</segmented>
    <object>
    <name>bottle</name>
    <pose>Unspecified</pose>
    <truncated>0</truncated>
    <difficult>0</difficult>
    <bndbox>
        <xmin>86.7992766726944</xmin>
        <ymin>80.02409638554217</ymin>
        <xmax>118.62567811934902</xmax>
        <ymax>157.51807228915663</ymax>
    </bndbox>
</object>
</annotation>
