<annotation verified="yes">
    <folder>Annotation</folder>
    <filename>bottle_v3_5.jpg</filename>
    <path>Bottle_V3-PascalVOC-export/Annotations/bottle_v3_5.jpg</path>
    <source>
        <database>Unknown</database>
    </source>
    <size>
        <width>224</width>
        <height>224</height>
        <depth>3</depth>
    </size>
    <segmented>0</segmented>
    <object>
    <name>bottle</name>
    <pose>Unspecified</pose>
    <truncated>0</truncated>
    <difficult>0</difficult>
    <bndbox>
        <xmin>71.96380090497738</xmin>
        <ymin>14.69683257918552</ymin>
        <xmax>151.52941176470588</xmax>
        <ymax>216.9049773755656</ymax>
    </bndbox>
</object>
</annotation>
