<annotation verified="yes">
    <folder>Annotation</folder>
    <filename>bottle_211.jpg</filename>
    <path>Bottle_v2-PascalVOC-export/Annotations/bottle_211.jpg</path>
    <source>
        <database>Unknown</database>
    </source>
    <size>
        <width>320</width>
        <height>240</height>
        <depth>3</depth>
    </size>
    <segmented>0</segmented>
    <object>
    <name>bottle</name>
    <pose>Unspecified</pose>
    <truncated>0</truncated>
    <difficult>0</difficult>
    <bndbox>
        <xmin>84.48462929475588</xmin>
        <ymin>26.240963855421686</ymin>
        <xmax>115.15370705244123</xmax>
        <ymax>101.99999999999999</ymax>
    </bndbox>
</object>
</annotation>
