<annotation verified="yes">
    <folder>Annotation</folder>
    <filename>bottle_97.jpg</filename>
    <path>Bottle_v2-PascalVOC-export/Annotations/bottle_97.jpg</path>
    <source>
        <database>Unknown</database>
    </source>
    <size>
        <width>320</width>
        <height>240</height>
        <depth>3</depth>
    </size>
    <segmented>0</segmented>
    <object>
    <name>bottle</name>
    <pose>Unspecified</pose>
    <truncated>0</truncated>
    <difficult>0</difficult>
    <bndbox>
        <xmin>134.82820976491863</xmin>
        <ymin>59.204819277108435</ymin>
        <xmax>198.48101265822785</xmax>
        <ymax>233.27710843373495</ymax>
    </bndbox>
</object>
</annotation>
