<annotation verified="yes">
    <folder>Annotation</folder>
    <filename>bottle_112.jpg</filename>
    <path>Bottle_v2-PascalVOC-export/Annotations/bottle_112.jpg</path>
    <source>
        <database>Unknown</database>
    </source>
    <size>
        <width>320</width>
        <height>240</height>
        <depth>3</depth>
    </size>
    <segmented>0</segmented>
    <object>
    <name>bottle</name>
    <pose>Unspecified</pose>
    <truncated>0</truncated>
    <difficult>0</difficult>
    <bndbox>
        <xmin>129.62025316455697</xmin>
        <ymin>91.59036144578313</ymin>
        <xmax>151.60940325497288</xmax>
        <ymax>144.2168674698795</ymax>
    </bndbox>
</object>
</annotation>
