<annotation verified="yes">
    <folder>Annotation</folder>
    <filename>bottle_v3_306.jpg</filename>
    <path>Bottle_V3-PascalVOC-export/Annotations/bottle_v3_306.jpg</path>
    <source>
        <database>Unknown</database>
    </source>
    <size>
        <width>224</width>
        <height>224</height>
        <depth>3</depth>
    </size>
    <segmented>0</segmented>
    <object>
    <name>bottle</name>
    <pose>Unspecified</pose>
    <truncated>0</truncated>
    <difficult>0</difficult>
    <bndbox>
        <xmin>9.122171945701357</xmin>
        <ymin>4.5610859728506785</ymin>
        <xmax>99.83710407239818</xmax>
        <ymax>213.86425339366517</ymax>
    </bndbox>
</object>
</annotation>
