<annotation verified="yes">
    <folder>Annotation</folder>
    <filename>bottle_54.jpg</filename>
    <path>Bottle_v2-PascalVOC-export/Annotations/bottle_54.jpg</path>
    <source>
        <database>Unknown</database>
    </source>
    <size>
        <width>320</width>
        <height>240</height>
        <depth>3</depth>
    </size>
    <segmented>0</segmented>
    <object>
    <name>bottle</name>
    <pose>Unspecified</pose>
    <truncated>0</truncated>
    <difficult>0</difficult>
    <bndbox>
        <xmin>139.45750452079565</xmin>
        <ymin>103.1566265060241</ymin>
        <xmax>173.59855334538878</xmax>
        <ymax>181.2289156626506</ymax>
    </bndbox>
</object>
</annotation>
