<annotation verified="yes">
    <folder>Annotation</folder>
    <filename>bottle_185.jpg</filename>
    <path>Bottle_v2-PascalVOC-export/Annotations/bottle_185.jpg</path>
    <source>
        <database>Unknown</database>
    </source>
    <size>
        <width>320</width>
        <height>240</height>
        <depth>3</depth>
    </size>
    <segmented>0</segmented>
    <object>
    <name>bottle</name>
    <pose>Unspecified</pose>
    <truncated>0</truncated>
    <difficult>0</difficult>
    <bndbox>
        <xmin>160.86799276672696</xmin>
        <ymin>112.40963855421687</ymin>
        <xmax>184.01446654611212</xmax>
        <ymax>178.91566265060243</ymax>
    </bndbox>
</object>
</annotation>
