<annotation verified="yes">
    <folder>Annotation</folder>
    <filename>bottle_08.jpg</filename>
    <path>Bottle_v2-PascalVOC-export/Annotations/bottle_08.jpg</path>
    <source>
        <database>Unknown</database>
    </source>
    <size>
        <width>320</width>
        <height>240</height>
        <depth>3</depth>
    </size>
    <segmented>0</segmented>
    <object>
    <name>bottle</name>
    <pose>Unspecified</pose>
    <truncated>0</truncated>
    <difficult>0</difficult>
    <bndbox>
        <xmin>91.42857142857143</xmin>
        <ymin>188.16867469879517</ymin>
        <xmax>119.20433996383363</xmax>
        <ymax>240</ymax>
    </bndbox>
</object>
</annotation>
