<annotation verified="yes">
    <folder>Annotation</folder>
    <filename>bottle_v3_468.jpg</filename>
    <path>Bottle_V3-PascalVOC-export/Annotations/bottle_v3_468.jpg</path>
    <source>
        <database>Unknown</database>
    </source>
    <size>
        <width>224</width>
        <height>224</height>
        <depth>3</depth>
    </size>
    <segmented>0</segmented>
    <object>
    <name>bottle</name>
    <pose>Unspecified</pose>
    <truncated>0</truncated>
    <difficult>0</difficult>
    <bndbox>
        <xmin>98.31674208144796</xmin>
        <ymin>43.58371040723982</ymin>
        <xmax>175.8552036199095</xmax>
        <ymax>179.90950226244343</ymax>
    </bndbox>
</object>
</annotation>
