<annotation verified="yes">
    <folder>Annotation</folder>
    <filename>bottle_v3_311.jpg</filename>
    <path>Bottle_V3-PascalVOC-export/Annotations/bottle_v3_311.jpg</path>
    <source>
        <database>Unknown</database>
    </source>
    <size>
        <width>224</width>
        <height>224</height>
        <depth>3</depth>
    </size>
    <segmented>0</segmented>
    <object>
    <name>bottle</name>
    <pose>Unspecified</pose>
    <truncated>0</truncated>
    <difficult>0</difficult>
    <bndbox>
        <xmin>41.049773755656105</xmin>
        <ymin>20.778280542986423</ymin>
        <xmax>115.54751131221718</xmax>
        <ymax>216.39819004524884</ymax>
    </bndbox>
</object>
</annotation>
