<annotation verified="yes">
    <folder>Annotation</folder>
    <filename>bottle_179.jpg</filename>
    <path>Bottle_v2-PascalVOC-export/Annotations/bottle_179.jpg</path>
    <source>
        <database>Unknown</database>
    </source>
    <size>
        <width>320</width>
        <height>240</height>
        <depth>3</depth>
    </size>
    <segmented>0</segmented>
    <object>
    <name>bottle</name>
    <pose>Unspecified</pose>
    <truncated>0</truncated>
    <difficult>0</difficult>
    <bndbox>
        <xmin>175.3345388788427</xmin>
        <ymin>51.68674698795181</ymin>
        <xmax>240.14466546112118</xmax>
        <ymax>178.9156626506024</ymax>
    </bndbox>
</object>
</annotation>
