<annotation verified="yes">
    <folder>Annotation</folder>
    <filename>bottle_04.jpg</filename>
    <path>Bottle_v2-PascalVOC-export/Annotations/bottle_04.jpg</path>
    <source>
        <database>Unknown</database>
    </source>
    <size>
        <width>320</width>
        <height>240</height>
        <depth>3</depth>
    </size>
    <segmented>0</segmented>
    <object>
    <name>bottle</name>
    <pose>Unspecified</pose>
    <truncated>0</truncated>
    <difficult>0</difficult>
    <bndbox>
        <xmin>129.04159132007234</xmin>
        <ymin>91.59036144578313</ymin>
        <xmax>196.74502712477397</xmax>
        <ymax>240</ymax>
    </bndbox>
</object>
</annotation>
