<annotation verified="yes">
    <folder>Annotation</folder>
    <filename>bottle_v3_365.jpg</filename>
    <path>Bottle_V3-PascalVOC-export/Annotations/bottle_v3_365.jpg</path>
    <source>
        <database>Unknown</database>
    </source>
    <size>
        <width>224</width>
        <height>224</height>
        <depth>3</depth>
    </size>
    <segmented>0</segmented>
    <object>
    <name>bottle</name>
    <pose>Unspecified</pose>
    <truncated>0</truncated>
    <difficult>0</difficult>
    <bndbox>
        <xmin>134.29864253393666</xmin>
        <ymin>82.60633484162895</ymin>
        <xmax>182.9502262443439</xmax>
        <ymax>205.24886877828052</ymax>
    </bndbox>
</object>
</annotation>
