<annotation verified="yes">
    <folder>Annotation</folder>
    <filename>bottle_v3_437.jpg</filename>
    <path>Bottle_V3-PascalVOC-export/Annotations/bottle_v3_437.jpg</path>
    <source>
        <database>Unknown</database>
    </source>
    <size>
        <width>224</width>
        <height>224</height>
        <depth>3</depth>
    </size>
    <segmented>0</segmented>
    <object>
    <name>bottle</name>
    <pose>Unspecified</pose>
    <truncated>0</truncated>
    <difficult>0</difficult>
    <bndbox>
        <xmin>78.04524886877827</xmin>
        <ymin>24.32579185520362</ymin>
        <xmax>143.92760180995475</xmax>
        <ymax>188.0180995475113</ymax>
    </bndbox>
</object>
</annotation>
