<annotation verified="yes">
    <folder>Annotation</folder>
    <filename>bottle_v3_157.jpg</filename>
    <path>Bottle_V3-PascalVOC-export/Annotations/bottle_v3_157.jpg</path>
    <source>
        <database>Unknown</database>
    </source>
    <size>
        <width>224</width>
        <height>224</height>
        <depth>3</depth>
    </size>
    <segmented>0</segmented>
    <object>
    <name>bottle</name>
    <pose>Unspecified</pose>
    <truncated>0</truncated>
    <difficult>0</difficult>
    <bndbox>
        <xmin>70.44343891402714</xmin>
        <ymin>41.556561085972845</ymin>
        <xmax>133.7918552036199</xmax>
        <ymax>199.1674208144796</ymax>
    </bndbox>
</object>
</annotation>
