<annotation verified="yes">
    <folder>Annotation</folder>
    <filename>bottle_09.jpg</filename>
    <path>Bottle_v2-PascalVOC-export/Annotations/bottle_09.jpg</path>
    <source>
        <database>Unknown</database>
    </source>
    <size>
        <width>320</width>
        <height>240</height>
        <depth>3</depth>
    </size>
    <segmented>0</segmented>
    <object>
    <name>bottle</name>
    <pose>Unspecified</pose>
    <truncated>0</truncated>
    <difficult>0</difficult>
    <bndbox>
        <xmin>16.20253164556962</xmin>
        <ymin>75.39759036144578</ymin>
        <xmax>95.47920433996384</xmax>
        <ymax>240</ymax>
    </bndbox>
</object>
</annotation>
