<annotation verified="yes">
    <folder>Annotation</folder>
    <filename>bottle_156.jpg</filename>
    <path>Bottle_v2-PascalVOC-export/Annotations/bottle_156.jpg</path>
    <source>
        <database>Unknown</database>
    </source>
    <size>
        <width>320</width>
        <height>240</height>
        <depth>3</depth>
    </size>
    <segmented>0</segmented>
    <object>
    <name>bottle</name>
    <pose>Unspecified</pose>
    <truncated>0</truncated>
    <difficult>0</difficult>
    <bndbox>
        <xmin>165.49728752260398</xmin>
        <ymin>56.89156626506024</ymin>
        <xmax>207.73960216998194</xmax>
        <ymax>175.44578313253012</ymax>
    </bndbox>
</object>
</annotation>
