<annotation verified="yes">
    <folder>Annotation</folder>
    <filename>bottle_30.jpg</filename>
    <path>Bottle_v2-PascalVOC-export/Annotations/bottle_30.jpg</path>
    <source>
        <database>Unknown</database>
    </source>
    <size>
        <width>320</width>
        <height>240</height>
        <depth>3</depth>
    </size>
    <segmented>0</segmented>
    <object>
    <name>bottle</name>
    <pose>Unspecified</pose>
    <truncated>0</truncated>
    <difficult>0</difficult>
    <bndbox>
        <xmin>67.70343580470163</xmin>
        <ymin>124.55421686746988</ymin>
        <xmax>173.59855334538878</xmax>
        <ymax>213.6144578313253</ymax>
    </bndbox>
</object>
</annotation>
