<annotation verified="yes">
    <folder>Annotation</folder>
    <filename>bottle_v3_305.jpg</filename>
    <path>Bottle_V3-PascalVOC-export/Annotations/bottle_v3_305.jpg</path>
    <source>
        <database>Unknown</database>
    </source>
    <size>
        <width>224</width>
        <height>224</height>
        <depth>3</depth>
    </size>
    <segmented>0</segmented>
    <object>
    <name>bottle</name>
    <pose>Unspecified</pose>
    <truncated>0</truncated>
    <difficult>0</difficult>
    <bndbox>
        <xmin>18.751131221719454</xmin>
        <ymin>9.628959276018099</ymin>
        <xmax>113.01357466063348</xmax>
        <ymax>213.86425339366514</ymax>
    </bndbox>
</object>
</annotation>
