<annotation verified="yes">
    <folder>Annotation</folder>
    <filename>bottle_v3_153.jpg</filename>
    <path>Bottle_V3-PascalVOC-export/Annotations/bottle_v3_153.jpg</path>
    <source>
        <database>Unknown</database>
    </source>
    <size>
        <width>224</width>
        <height>224</height>
        <depth>3</depth>
    </size>
    <segmented>0</segmented>
    <object>
    <name>bottle</name>
    <pose>Unspecified</pose>
    <truncated>0</truncated>
    <difficult>0</difficult>
    <bndbox>
        <xmin>89.70135746606334</xmin>
        <ymin>18.751131221719454</ymin>
        <xmax>161.15837104072398</xmax>
        <ymax>190.04524886877826</ymax>
    </bndbox>
</object>
</annotation>
