<annotation verified="yes">
    <folder>Annotation</folder>
    <filename>bottle_172.jpg</filename>
    <path>Bottle_v2-PascalVOC-export/Annotations/bottle_172.jpg</path>
    <source>
        <database>Unknown</database>
    </source>
    <size>
        <width>320</width>
        <height>240</height>
        <depth>3</depth>
    </size>
    <segmented>0</segmented>
    <object>
    <name>bottle</name>
    <pose>Unspecified</pose>
    <truncated>0</truncated>
    <difficult>0</difficult>
    <bndbox>
        <xmin>170.70524412296564</xmin>
        <ymin>177.18072289156626</ymin>
        <xmax>194.43037974683546</xmax>
        <ymax>239.06024096385542</ymax>
    </bndbox>
</object>
</annotation>
