<annotation verified="yes">
    <folder>Annotation</folder>
    <filename>bottle_v3_1026.jpg</filename>
    <path>Bottle_V3-PascalVOC-export/Annotations/bottle_v3_1026.jpg</path>
    <source>
        <database>Unknown</database>
    </source>
    <size>
        <width>224</width>
        <height>224</height>
        <depth>3</depth>
    </size>
    <segmented>0</segmented>
    <object>
    <name>bottle</name>
    <pose>Unspecified</pose>
    <truncated>0</truncated>
    <difficult>0</difficult>
    <bndbox>
        <xmin>69.9366515837104</xmin>
        <ymin>39.529411764705884</ymin>
        <xmax>134.80542986425337</xmax>
        <ymax>191.05882352941177</ymax>
    </bndbox>
</object>
</annotation>
