<annotation verified="yes">
    <folder>Annotation</folder>
    <filename>bottle_231.jpg</filename>
    <path>Bottle_v2-PascalVOC-export/Annotations/bottle_231.jpg</path>
    <source>
        <database>Unknown</database>
    </source>
    <size>
        <width>320</width>
        <height>240</height>
        <depth>3</depth>
    </size>
    <segmented>0</segmented>
    <object>
    <name>bottle</name>
    <pose>Unspecified</pose>
    <truncated>0</truncated>
    <difficult>0</difficult>
    <bndbox>
        <xmin>168.39059674502712</xmin>
        <ymin>42.433734939759034</ymin>
        <xmax>214.68354430379748</xmax>
        <ymax>174.289156626506</ymax>
    </bndbox>
</object>
</annotation>
