<annotation verified="yes">
    <folder>Annotation</folder>
    <filename>bottle_v3_1023.jpg</filename>
    <path>Bottle_V3-PascalVOC-export/Annotations/bottle_v3_1023.jpg</path>
    <source>
        <database>Unknown</database>
    </source>
    <size>
        <width>224</width>
        <height>224</height>
        <depth>3</depth>
    </size>
    <segmented>0</segmented>
    <object>
    <name>bottle</name>
    <pose>Unspecified</pose>
    <truncated>0</truncated>
    <difficult>0</difficult>
    <bndbox>
        <xmin>57.77375565610859</xmin>
        <ymin>23.312217194570135</ymin>
        <xmax>124.1628959276018</xmax>
        <ymax>139.8733031674208</ymax>
    </bndbox>
</object>
</annotation>
