<annotation verified="yes">
    <folder>Annotation</folder>
    <filename>bottle_v3_431.jpg</filename>
    <path>Bottle_V3-PascalVOC-export/Annotations/bottle_v3_431.jpg</path>
    <source>
        <database>Unknown</database>
    </source>
    <size>
        <width>224</width>
        <height>224</height>
        <depth>3</depth>
    </size>
    <segmented>0</segmented>
    <object>
    <name>bottle</name>
    <pose>Unspecified</pose>
    <truncated>0</truncated>
    <difficult>0</difficult>
    <bndbox>
        <xmin>73.99095022624434</xmin>
        <ymin>13.176470588235293</ymin>
        <xmax>128.7239819004525</xmax>
        <ymax>168.7601809954751</ymax>
    </bndbox>
</object>
</annotation>
