<annotation verified="yes">
    <folder>Annotation</folder>
    <filename>bottle_129.jpg</filename>
    <path>Bottle_v2-PascalVOC-export/Annotations/bottle_129.jpg</path>
    <source>
        <database>Unknown</database>
    </source>
    <size>
        <width>320</width>
        <height>240</height>
        <depth>3</depth>
    </size>
    <segmented>0</segmented>
    <object>
    <name>bottle</name>
    <pose>Unspecified</pose>
    <truncated>0</truncated>
    <difficult>0</difficult>
    <bndbox>
        <xmin>134.249547920434</xmin>
        <ymin>35.493975903614455</ymin>
        <xmax>181.12115732368898</xmax>
        <ymax>152.89156626506025</ymax>
    </bndbox>
</object>
</annotation>
