<annotation verified="yes">
    <folder>Annotation</folder>
    <filename>bottle_v3_218.jpg</filename>
    <path>Bottle_V3-PascalVOC-export/Annotations/bottle_v3_218.jpg</path>
    <source>
        <database>Unknown</database>
    </source>
    <size>
        <width>224</width>
        <height>224</height>
        <depth>3</depth>
    </size>
    <segmented>0</segmented>
    <object>
    <name>bottle</name>
    <pose>Unspecified</pose>
    <truncated>0</truncated>
    <difficult>0</difficult>
    <bndbox>
        <xmin>55.23981900452488</xmin>
        <ymin>4.5610859728506785</ymin>
        <xmax>131.76470588235293</xmax>
        <ymax>220.45248868778282</ymax>
    </bndbox>
</object>
</annotation>
