<annotation verified="yes">
    <folder>Annotation</folder>
    <filename>bottle_v3_127.jpg</filename>
    <path>Bottle_V3-PascalVOC-export/Annotations/bottle_v3_127.jpg</path>
    <source>
        <database>Unknown</database>
    </source>
    <size>
        <width>224</width>
        <height>224</height>
        <depth>3</depth>
    </size>
    <segmented>0</segmented>
    <object>
    <name>bottle</name>
    <pose>Unspecified</pose>
    <truncated>0</truncated>
    <difficult>0</difficult>
    <bndbox>
        <xmin>69.9366515837104</xmin>
        <ymin>44.5972850678733</ymin>
        <xmax>122.13574660633483</xmax>
        <ymax>194.60633484162895</ymax>
    </bndbox>
</object>
</annotation>
