<annotation verified="yes">
    <folder>Annotation</folder>
    <filename>bottle_35.jpg</filename>
    <path>Bottle_v2-PascalVOC-export/Annotations/bottle_35.jpg</path>
    <source>
        <database>Unknown</database>
    </source>
    <size>
        <width>320</width>
        <height>240</height>
        <depth>3</depth>
    </size>
    <segmented>0</segmented>
    <object>
    <name>bottle</name>
    <pose>Unspecified</pose>
    <truncated>0</truncated>
    <difficult>0</difficult>
    <bndbox>
        <xmin>174.17721518987344</xmin>
        <ymin>74.24096385542168</ymin>
        <xmax>203.68896925858954</xmax>
        <ymax>146.53012048192772</ymax>
    </bndbox>
</object>
</annotation>
