<annotation verified="yes">
    <folder>Annotation</folder>
    <filename>bottle_v3_369.jpg</filename>
    <path>Bottle_V3-PascalVOC-export/Annotations/bottle_v3_369.jpg</path>
    <source>
        <database>Unknown</database>
    </source>
    <size>
        <width>224</width>
        <height>224</height>
        <depth>3</depth>
    </size>
    <segmented>0</segmented>
    <object>
    <name>bottle</name>
    <pose>Unspecified</pose>
    <truncated>0</truncated>
    <difficult>0</difficult>
    <bndbox>
        <xmin>109.97285067873302</xmin>
        <ymin>90.71493212669682</ymin>
        <xmax>156.5972850678733</xmax>
        <ymax>215.38461538461536</ymax>
    </bndbox>
</object>
</annotation>
