<annotation verified="yes">
    <folder>Annotation</folder>
    <filename>bottle_191.jpg</filename>
    <path>Bottle_v2-PascalVOC-export/Annotations/bottle_191.jpg</path>
    <source>
        <database>Unknown</database>
    </source>
    <size>
        <width>320</width>
        <height>240</height>
        <depth>3</depth>
    </size>
    <segmented>0</segmented>
    <object>
    <name>bottle</name>
    <pose>Unspecified</pose>
    <truncated>0</truncated>
    <difficult>0</difficult>
    <bndbox>
        <xmin>115.73236889692586</xmin>
        <ymin>143.06024096385542</ymin>
        <xmax>173.01989150090418</xmax>
        <ymax>240</ymax>
    </bndbox>
</object>
</annotation>
