<annotation verified="yes">
    <folder>Annotation</folder>
    <filename>bottle_96.jpg</filename>
    <path>Bottle_v2-PascalVOC-export/Annotations/bottle_96.jpg</path>
    <source>
        <database>Unknown</database>
    </source>
    <size>
        <width>320</width>
        <height>240</height>
        <depth>3</depth>
    </size>
    <segmented>0</segmented>
    <object>
    <name>bottle</name>
    <pose>Unspecified</pose>
    <truncated>0</truncated>
    <difficult>0</difficult>
    <bndbox>
        <xmin>130.77757685352623</xmin>
        <ymin>41.27710843373494</ymin>
        <xmax>195.5877034358047</xmax>
        <ymax>215.34939759036143</ymax>
    </bndbox>
</object>
</annotation>
