<annotation verified="yes">
    <folder>Annotation</folder>
    <filename>bottle_v3_445.jpg</filename>
    <path>Bottle_V3-PascalVOC-export/Annotations/bottle_v3_445.jpg</path>
    <source>
        <database>Unknown</database>
    </source>
    <size>
        <width>224</width>
        <height>224</height>
        <depth>3</depth>
    </size>
    <segmented>0</segmented>
    <object>
    <name>bottle</name>
    <pose>Unspecified</pose>
    <truncated>0</truncated>
    <difficult>0</difficult>
    <bndbox>
        <xmin>99.33031674208144</xmin>
        <ymin>11.656108597285067</ymin>
        <xmax>158.1176470588235</xmax>
        <ymax>175.85520361990947</ymax>
    </bndbox>
</object>
</annotation>
