<annotation verified="yes">
    <folder>Annotation</folder>
    <filename>bottle_v3_228.jpg</filename>
    <path>Bottle_V3-PascalVOC-export/Annotations/bottle_v3_228.jpg</path>
    <source>
        <database>Unknown</database>
    </source>
    <size>
        <width>224</width>
        <height>224</height>
        <depth>3</depth>
    </size>
    <segmented>0</segmented>
    <object>
    <name>bottle</name>
    <pose>Unspecified</pose>
    <truncated>0</truncated>
    <difficult>0</difficult>
    <bndbox>
        <xmin>90.20814479638008</xmin>
        <ymin>2.0271493212669682</ymin>
        <xmax>180.9230769230769</xmax>
        <ymax>223.99999999999997</ymax>
    </bndbox>
</object>
</annotation>
