<annotation verified="yes">
    <folder>Annotation</folder>
    <filename>bottle_202.jpg</filename>
    <path>Bottle_v2-PascalVOC-export/Annotations/bottle_202.jpg</path>
    <source>
        <database>Unknown</database>
    </source>
    <size>
        <width>320</width>
        <height>240</height>
        <depth>3</depth>
    </size>
    <segmented>0</segmented>
    <object>
    <name>bottle</name>
    <pose>Unspecified</pose>
    <truncated>0</truncated>
    <difficult>0</difficult>
    <bndbox>
        <xmin>157.3960216998192</xmin>
        <ymin>125.13253012048192</ymin>
        <xmax>232.04339963833638</xmax>
        <ymax>240</ymax>
    </bndbox>
</object>
</annotation>
