<annotation verified="yes">
    <folder>Annotation</folder>
    <filename>bottle_93.jpg</filename>
    <path>Bottle_v2-PascalVOC-export/Annotations/bottle_93.jpg</path>
    <source>
        <database>Unknown</database>
    </source>
    <size>
        <width>320</width>
        <height>240</height>
        <depth>3</depth>
    </size>
    <segmented>0</segmented>
    <object>
    <name>bottle</name>
    <pose>Unspecified</pose>
    <truncated>0</truncated>
    <difficult>0</difficult>
    <bndbox>
        <xmin>83.32730560578662</xmin>
        <ymin>36.65060240963855</ymin>
        <xmax>174.17721518987344</xmax>
        <ymax>240</ymax>
    </bndbox>
</object>
</annotation>
