<annotation verified="yes">
    <folder>Annotation</folder>
    <filename>bottle_72.jpg</filename>
    <path>Bottle_v2-PascalVOC-export/Annotations/bottle_72.jpg</path>
    <source>
        <database>Unknown</database>
    </source>
    <size>
        <width>320</width>
        <height>240</height>
        <depth>3</depth>
    </size>
    <segmented>0</segmented>
    <object>
    <name>bottle</name>
    <pose>Unspecified</pose>
    <truncated>0</truncated>
    <difficult>0</difficult>
    <bndbox>
        <xmin>66.54611211573237</xmin>
        <ymin>64.98795180722891</ymin>
        <xmax>124.4122965641953</xmax>
        <ymax>219.97590361445782</ymax>
    </bndbox>
</object>
</annotation>
