<annotation verified="yes">
    <folder>Annotation</folder>
    <filename>bottle_201.jpg</filename>
    <path>Bottle_v2-PascalVOC-export/Annotations/bottle_201.jpg</path>
    <source>
        <database>Unknown</database>
    </source>
    <size>
        <width>320</width>
        <height>240</height>
        <depth>3</depth>
    </size>
    <segmented>0</segmented>
    <object>
    <name>bottle</name>
    <pose>Unspecified</pose>
    <truncated>0</truncated>
    <difficult>0</difficult>
    <bndbox>
        <xmin>116.88969258589512</xmin>
        <ymin>115.3012048192771</ymin>
        <xmax>184.01446654611212</xmax>
        <ymax>237.32530120481925</ymax>
    </bndbox>
</object>
</annotation>
