<annotation verified="yes">
    <folder>Annotation</folder>
    <filename>bottle_168.jpg</filename>
    <path>Bottle_v2-PascalVOC-export/Annotations/bottle_168.jpg</path>
    <source>
        <database>Unknown</database>
    </source>
    <size>
        <width>320</width>
        <height>240</height>
        <depth>3</depth>
    </size>
    <segmented>0</segmented>
    <object>
    <name>bottle</name>
    <pose>Unspecified</pose>
    <truncated>0</truncated>
    <difficult>0</difficult>
    <bndbox>
        <xmin>185.750452079566</xmin>
        <ymin>64.98795180722891</ymin>
        <xmax>236.67269439421338</xmax>
        <ymax>197.42168674698794</ymax>
    </bndbox>
</object>
</annotation>
