<annotation verified="yes">
    <folder>Annotation</folder>
    <filename>bottle_70.jpg</filename>
    <path>Bottle_v2-PascalVOC-export/Annotations/bottle_70.jpg</path>
    <source>
        <database>Unknown</database>
    </source>
    <size>
        <width>320</width>
        <height>240</height>
        <depth>3</depth>
    </size>
    <segmented>0</segmented>
    <object>
    <name>bottle</name>
    <pose>Unspecified</pose>
    <truncated>0</truncated>
    <difficult>0</difficult>
    <bndbox>
        <xmin>73.49005424954792</xmin>
        <ymin>41.855421686746986</ymin>
        <xmax>178.80650994575046</xmax>
        <ymax>239.99999999999997</ymax>
    </bndbox>
</object>
</annotation>
